ISO-10303-21;
HEADER;
/*Generated by software containing ST-Developer
 * from STEP Tools, Inc. (www.steptools.com) 
 */
/*OPTION: using custom renumber hook */
/*description */
/*implementation_level */
FILE_DESCRIPTION(('STEP AP242 Edition 2','STEP AP242 Edition 2''CAx-IF Rec.Pracs.---Representation and Presentation of Product Manufa
cturing Information (PMI)---4.0---2014-10-13','STEP AP242 Edition 2''CAx-IF Rec.Pracs.---Representation and Presentation of Product Manufa
cturing Information (PMI)---4.0---2014-10-13''CAx-IF Rec.Pracs.---3D Tessellated Geometry---0.4---2014-09-14','STEP AP242 Edition 2''CAx-IF Rec.Pracs.---Representation and Presentation of Product Manufa
cturing Information (PMI)---4.0---2014-10-13''CAx-IF Rec.Pracs.---3D Tessellated Geometry---0.4---2014-09-14''2;1','STEP AP242 Edition 2''CAx-IF Rec.Pracs.---Representation and Presentation of Product Manufa
cturing Information (PMI)---4.0---2014-10-13''CAx-IF Rec.Pracs.---3D Tessellated Geometry---0.4---2014-09-14''2;1''CAx-IF Rec.Pracs.---User Defined Attributes---1.5---2016-08-15'),'2;1');
/*name */
/*time_stamp */
/*author */
/*organization */
/*preprocessor_version */
/*originating_system */
/*authorisation */
FILE_NAME('/vol/tmp/translate-9633904359594117376/bottom.step','2026-07-23T23:15:06',(''),(''),'ST-DEVELOPER v20','ONSHAPE BY PTC INC, 1.218','  ');
FILE_SCHEMA(('AP242_MANAGED_MODEL_BASED_3D_ENGINEERING_MIM_LF { 1 0 10303 442 3 1 4 }'));
ENDSEC;
DATA;
#10=LINE('',#1304,#58);
#11=LINE('',#1307,#59);
#12=LINE('',#1309,#60);
#13=LINE('',#1311,#61);
#14=LINE('',#1313,#62);
#15=LINE('',#1315,#63);
#16=LINE('',#1317,#64);
#17=LINE('',#1319,#65);
#18=LINE('',#1321,#66);
#19=LINE('',#1323,#67);
#20=LINE('',#1325,#68);
#21=LINE('',#1327,#69);
#22=LINE('',#1329,#70);
#23=LINE('',#1331,#71);
#24=LINE('',#1333,#72);
#25=LINE('',#1335,#73);
#26=LINE('',#1337,#74);
#27=LINE('',#1340,#75);
#28=LINE('',#1341,#76);
#29=LINE('',#1343,#77);
#30=LINE('',#1345,#78);
#31=LINE('',#1346,#79);
#32=LINE('',#1348,#80);
#33=LINE('',#1350,#81);
#34=LINE('',#1352,#82);
#35=LINE('',#1354,#83);
#36=LINE('',#1357,#84);
#37=LINE('',#1358,#85);
#38=LINE('',#1360,#86);
#39=LINE('',#1363,#87);
#40=LINE('',#1364,#88);
#41=LINE('',#1366,#89);
#42=LINE('',#1368,#90);
#43=LINE('',#1369,#91);
#44=LINE('',#1371,#92);
#45=LINE('',#1373,#93);
#46=LINE('',#1375,#94);
#47=LINE('',#1377,#95);
#48=LINE('',#1379,#96);
#49=LINE('',#1393,#97);
#50=LINE('',#1395,#98);
#51=LINE('',#1397,#99);
#52=LINE('',#1399,#100);
#53=LINE('',#1400,#101);
#54=LINE('',#1401,#102);
#55=LINE('',#1402,#103);
#56=LINE('',#1405,#104);
#57=LINE('',#1407,#105);
#58=VECTOR('',#1062,1.);
#59=VECTOR('',#1063,1.);
#60=VECTOR('',#1064,1.);
#61=VECTOR('',#1065,1.);
#62=VECTOR('',#1066,1.);
#63=VECTOR('',#1067,1.);
#64=VECTOR('',#1068,1.);
#65=VECTOR('',#1069,1.);
#66=VECTOR('',#1070,1.);
#67=VECTOR('',#1071,1.);
#68=VECTOR('',#1072,1.);
#69=VECTOR('',#1073,1.);
#70=VECTOR('',#1074,1.);
#71=VECTOR('',#1075,1.);
#72=VECTOR('',#1076,1.);
#73=VECTOR('',#1077,1.);
#74=VECTOR('',#1080,1.);
#75=VECTOR('',#1081,1.);
#76=VECTOR('',#1082,1.);
#77=VECTOR('',#1083,1.);
#78=VECTOR('',#1084,1.);
#79=VECTOR('',#1085,1.);
#80=VECTOR('',#1088,1.);
#81=VECTOR('',#1089,1.);
#82=VECTOR('',#1090,1.);
#83=VECTOR('',#1093,1.);
#84=VECTOR('',#1094,1.);
#85=VECTOR('',#1095,1.);
#86=VECTOR('',#1098,1.);
#87=VECTOR('',#1099,1.);
#88=VECTOR('',#1100,1.);
#89=VECTOR('',#1101,1.);
#90=VECTOR('',#1102,1.);
#91=VECTOR('',#1103,1.);
#92=VECTOR('',#1106,1.);
#93=VECTOR('',#1107,1.);
#94=VECTOR('',#1110,1.);
#95=VECTOR('',#1111,1.);
#96=VECTOR('',#1114,1.);
#97=VECTOR('',#1133,1.);
#98=VECTOR('',#1134,1.);
#99=VECTOR('',#1135,1.);
#100=VECTOR('',#1138,1.);
#101=VECTOR('',#1139,1.);
#102=VECTOR('',#1140,1.);
#103=VECTOR('',#1141,1.);
#104=VECTOR('',#1146,1.);
#105=VECTOR('',#1149,1.);
#106=SHAPE_REPRESENTATION_RELATIONSHIP('','',#902,#115);
#107=SHAPE_REPRESENTATION_RELATIONSHIP('','',#903,#116);
#108=SHAPE_REPRESENTATION_RELATIONSHIP('','',#904,#117);
#109=SHAPE_REPRESENTATION_RELATIONSHIP('','',#905,#118);
#110=SHAPE_REPRESENTATION_RELATIONSHIP('','',#906,#119);
#111=SHAPE_REPRESENTATION_RELATIONSHIP('','',#907,#120);
#112=SHAPE_REPRESENTATION_RELATIONSHIP('','',#908,#121);
#113=SHAPE_REPRESENTATION_RELATIONSHIP('','',#909,#122);
#114=SHAPE_REPRESENTATION_RELATIONSHIP('','',#910,#123);
#115=ADVANCED_BREP_SHAPE_REPRESENTATION('',(#884),#1500);
#116=ADVANCED_BREP_SHAPE_REPRESENTATION('',(#885),#1501);
#117=ADVANCED_BREP_SHAPE_REPRESENTATION('',(#886),#1502);
#118=ADVANCED_BREP_SHAPE_REPRESENTATION('',(#887),#1503);
#119=ADVANCED_BREP_SHAPE_REPRESENTATION('',(#888),#1504);
#120=ADVANCED_BREP_SHAPE_REPRESENTATION('',(#889),#1505);
#121=ADVANCED_BREP_SHAPE_REPRESENTATION('',(#890),#1506);
#122=ADVANCED_BREP_SHAPE_REPRESENTATION('',(#891),#1507);
#123=ADVANCED_BREP_SHAPE_REPRESENTATION('',(#892),#1508);
#124=PLANE('',#918);
#125=PLANE('',#919);
#126=PLANE('',#927);
#127=PLANE('',#928);
#128=PLANE('',#930);
#129=PLANE('',#935);
#130=PLANE('',#936);
#131=PLANE('',#937);
#132=PLANE('',#938);
#133=PLANE('',#939);
#134=PLANE('',#940);
#135=PLANE('',#941);
#136=PLANE('',#950);
#137=PLANE('',#951);
#138=PLANE('',#952);
#139=PLANE('',#953);
#140=PLANE('',#954);
#141=PLANE('',#955);
#142=PLANE('',#956);
#143=PLANE('',#957);
#144=PLANE('',#958);
#145=PLANE('',#959);
#146=PLANE('',#967);
#147=PLANE('',#968);
#148=PLANE('',#976);
#149=PLANE('',#977);
#150=PLANE('',#985);
#151=PLANE('',#986);
#152=PLANE('',#994);
#153=PLANE('',#995);
#154=PLANE('',#1003);
#155=PLANE('',#1004);
#156=PLANE('',#1012);
#157=PLANE('',#1013);
#158=ORIENTED_EDGE('',*,*,#334,.T.);
#159=ORIENTED_EDGE('',*,*,#335,.F.);
#160=ORIENTED_EDGE('',*,*,#336,.F.);
#161=ORIENTED_EDGE('',*,*,#337,.T.);
#162=ORIENTED_EDGE('',*,*,#334,.F.);
#163=ORIENTED_EDGE('',*,*,#336,.T.);
#164=ORIENTED_EDGE('',*,*,#335,.T.);
#165=ORIENTED_EDGE('',*,*,#337,.F.);
#166=ORIENTED_EDGE('',*,*,#338,.F.);
#167=ORIENTED_EDGE('',*,*,#339,.T.);
#168=ORIENTED_EDGE('',*,*,#340,.T.);
#169=ORIENTED_EDGE('',*,*,#341,.F.);
#170=ORIENTED_EDGE('',*,*,#338,.T.);
#171=ORIENTED_EDGE('',*,*,#340,.F.);
#172=ORIENTED_EDGE('',*,*,#339,.F.);
#173=ORIENTED_EDGE('',*,*,#341,.T.);
#174=ORIENTED_EDGE('',*,*,#342,.F.);
#175=ORIENTED_EDGE('',*,*,#343,.F.);
#176=ORIENTED_EDGE('',*,*,#344,.F.);
#177=ORIENTED_EDGE('',*,*,#345,.F.);
#178=ORIENTED_EDGE('',*,*,#346,.T.);
#179=ORIENTED_EDGE('',*,*,#347,.T.);
#180=ORIENTED_EDGE('',*,*,#348,.F.);
#181=ORIENTED_EDGE('',*,*,#349,.T.);
#182=ORIENTED_EDGE('',*,*,#350,.F.);
#183=ORIENTED_EDGE('',*,*,#351,.T.);
#184=ORIENTED_EDGE('',*,*,#352,.T.);
#185=ORIENTED_EDGE('',*,*,#353,.T.);
#186=ORIENTED_EDGE('',*,*,#354,.T.);
#187=ORIENTED_EDGE('',*,*,#355,.F.);
#188=ORIENTED_EDGE('',*,*,#356,.F.);
#189=ORIENTED_EDGE('',*,*,#357,.F.);
#190=ORIENTED_EDGE('',*,*,#358,.T.);
#191=ORIENTED_EDGE('',*,*,#359,.T.);
#192=ORIENTED_EDGE('',*,*,#360,.F.);
#193=ORIENTED_EDGE('',*,*,#361,.T.);
#194=ORIENTED_EDGE('',*,*,#362,.T.);
#195=ORIENTED_EDGE('',*,*,#363,.T.);
#196=ORIENTED_EDGE('',*,*,#360,.T.);
#197=ORIENTED_EDGE('',*,*,#364,.T.);
#198=ORIENTED_EDGE('',*,*,#365,.F.);
#199=ORIENTED_EDGE('',*,*,#366,.F.);
#200=ORIENTED_EDGE('',*,*,#356,.T.);
#201=ORIENTED_EDGE('',*,*,#367,.F.);
#202=ORIENTED_EDGE('',*,*,#350,.T.);
#203=ORIENTED_EDGE('',*,*,#368,.T.);
#204=ORIENTED_EDGE('',*,*,#369,.F.);
#205=ORIENTED_EDGE('',*,*,#370,.T.);
#206=ORIENTED_EDGE('',*,*,#371,.T.);
#207=ORIENTED_EDGE('',*,*,#372,.T.);
#208=ORIENTED_EDGE('',*,*,#352,.F.);
#209=ORIENTED_EDGE('',*,*,#373,.T.);
#210=ORIENTED_EDGE('',*,*,#374,.T.);
#211=ORIENTED_EDGE('',*,*,#375,.T.);
#212=ORIENTED_EDGE('',*,*,#346,.F.);
#213=ORIENTED_EDGE('',*,*,#376,.F.);
#214=ORIENTED_EDGE('',*,*,#377,.F.);
#215=ORIENTED_EDGE('',*,*,#378,.T.);
#216=ORIENTED_EDGE('',*,*,#354,.F.);
#217=ORIENTED_EDGE('',*,*,#379,.T.);
#218=ORIENTED_EDGE('',*,*,#380,.F.);
#219=ORIENTED_EDGE('',*,*,#381,.F.);
#220=ORIENTED_EDGE('',*,*,#357,.T.);
#221=ORIENTED_EDGE('',*,*,#366,.T.);
#222=ORIENTED_EDGE('',*,*,#381,.T.);
#223=ORIENTED_EDGE('',*,*,#382,.T.);
#224=ORIENTED_EDGE('',*,*,#383,.F.);
#225=ORIENTED_EDGE('',*,*,#358,.F.);
#226=ORIENTED_EDGE('',*,*,#383,.T.);
#227=ORIENTED_EDGE('',*,*,#384,.T.);
#228=ORIENTED_EDGE('',*,*,#364,.F.);
#229=ORIENTED_EDGE('',*,*,#359,.F.);
#230=ORIENTED_EDGE('',*,*,#345,.T.);
#231=ORIENTED_EDGE('',*,*,#385,.F.);
#232=ORIENTED_EDGE('',*,*,#344,.T.);
#233=ORIENTED_EDGE('',*,*,#386,.F.);
#234=ORIENTED_EDGE('',*,*,#343,.T.);
#235=ORIENTED_EDGE('',*,*,#387,.F.);
#236=ORIENTED_EDGE('',*,*,#342,.T.);
#237=ORIENTED_EDGE('',*,*,#388,.F.);
#238=ORIENTED_EDGE('',*,*,#348,.T.);
#239=ORIENTED_EDGE('',*,*,#389,.T.);
#240=ORIENTED_EDGE('',*,*,#390,.F.);
#241=ORIENTED_EDGE('',*,*,#391,.T.);
#242=ORIENTED_EDGE('',*,*,#388,.T.);
#243=ORIENTED_EDGE('',*,*,#387,.T.);
#244=ORIENTED_EDGE('',*,*,#386,.T.);
#245=ORIENTED_EDGE('',*,*,#385,.T.);
#246=ORIENTED_EDGE('',*,*,#390,.T.);
#247=ORIENTED_EDGE('',*,*,#392,.T.);
#248=ORIENTED_EDGE('',*,*,#374,.F.);
#249=ORIENTED_EDGE('',*,*,#393,.T.);
#250=ORIENTED_EDGE('',*,*,#371,.F.);
#251=ORIENTED_EDGE('',*,*,#394,.T.);
#252=ORIENTED_EDGE('',*,*,#369,.T.);
#253=ORIENTED_EDGE('',*,*,#395,.T.);
#254=ORIENTED_EDGE('',*,*,#382,.F.);
#255=ORIENTED_EDGE('',*,*,#380,.T.);
#256=ORIENTED_EDGE('',*,*,#365,.T.);
#257=ORIENTED_EDGE('',*,*,#384,.F.);
#258=ORIENTED_EDGE('',*,*,#361,.F.);
#259=ORIENTED_EDGE('',*,*,#363,.F.);
#260=ORIENTED_EDGE('',*,*,#396,.T.);
#261=ORIENTED_EDGE('',*,*,#376,.T.);
#262=ORIENTED_EDGE('',*,*,#355,.T.);
#263=ORIENTED_EDGE('',*,*,#378,.F.);
#264=ORIENTED_EDGE('',*,*,#397,.F.);
#265=ORIENTED_EDGE('',*,*,#367,.T.);
#266=ORIENTED_EDGE('',*,*,#396,.F.);
#267=ORIENTED_EDGE('',*,*,#362,.F.);
#268=ORIENTED_EDGE('',*,*,#397,.T.);
#269=ORIENTED_EDGE('',*,*,#377,.T.);
#270=ORIENTED_EDGE('',*,*,#347,.F.);
#271=ORIENTED_EDGE('',*,*,#375,.F.);
#272=ORIENTED_EDGE('',*,*,#392,.F.);
#273=ORIENTED_EDGE('',*,*,#389,.F.);
#274=ORIENTED_EDGE('',*,*,#353,.F.);
#275=ORIENTED_EDGE('',*,*,#372,.F.);
#276=ORIENTED_EDGE('',*,*,#393,.F.);
#277=ORIENTED_EDGE('',*,*,#379,.F.);
#278=ORIENTED_EDGE('',*,*,#349,.F.);
#279=ORIENTED_EDGE('',*,*,#391,.F.);
#280=ORIENTED_EDGE('',*,*,#395,.F.);
#281=ORIENTED_EDGE('',*,*,#368,.F.);
#282=ORIENTED_EDGE('',*,*,#351,.F.);
#283=ORIENTED_EDGE('',*,*,#370,.F.);
#284=ORIENTED_EDGE('',*,*,#394,.F.);
#285=ORIENTED_EDGE('',*,*,#373,.F.);
#286=ORIENTED_EDGE('',*,*,#398,.T.);
#287=ORIENTED_EDGE('',*,*,#399,.F.);
#288=ORIENTED_EDGE('',*,*,#400,.F.);
#289=ORIENTED_EDGE('',*,*,#401,.T.);
#290=ORIENTED_EDGE('',*,*,#398,.F.);
#291=ORIENTED_EDGE('',*,*,#400,.T.);
#292=ORIENTED_EDGE('',*,*,#399,.T.);
#293=ORIENTED_EDGE('',*,*,#401,.F.);
#294=ORIENTED_EDGE('',*,*,#402,.F.);
#295=ORIENTED_EDGE('',*,*,#403,.T.);
#296=ORIENTED_EDGE('',*,*,#404,.T.);
#297=ORIENTED_EDGE('',*,*,#405,.F.);
#298=ORIENTED_EDGE('',*,*,#402,.T.);
#299=ORIENTED_EDGE('',*,*,#404,.F.);
#300=ORIENTED_EDGE('',*,*,#403,.F.);
#301=ORIENTED_EDGE('',*,*,#405,.T.);
#302=ORIENTED_EDGE('',*,*,#406,.T.);
#303=ORIENTED_EDGE('',*,*,#407,.F.);
#304=ORIENTED_EDGE('',*,*,#408,.F.);
#305=ORIENTED_EDGE('',*,*,#409,.T.);
#306=ORIENTED_EDGE('',*,*,#406,.F.);
#307=ORIENTED_EDGE('',*,*,#408,.T.);
#308=ORIENTED_EDGE('',*,*,#407,.T.);
#309=ORIENTED_EDGE('',*,*,#409,.F.);
#310=ORIENTED_EDGE('',*,*,#410,.F.);
#311=ORIENTED_EDGE('',*,*,#411,.T.);
#312=ORIENTED_EDGE('',*,*,#412,.T.);
#313=ORIENTED_EDGE('',*,*,#413,.F.);
#314=ORIENTED_EDGE('',*,*,#410,.T.);
#315=ORIENTED_EDGE('',*,*,#412,.F.);
#316=ORIENTED_EDGE('',*,*,#411,.F.);
#317=ORIENTED_EDGE('',*,*,#413,.T.);
#318=ORIENTED_EDGE('',*,*,#414,.T.);
#319=ORIENTED_EDGE('',*,*,#415,.F.);
#320=ORIENTED_EDGE('',*,*,#416,.F.);
#321=ORIENTED_EDGE('',*,*,#417,.T.);
#322=ORIENTED_EDGE('',*,*,#414,.F.);
#323=ORIENTED_EDGE('',*,*,#416,.T.);
#324=ORIENTED_EDGE('',*,*,#415,.T.);
#325=ORIENTED_EDGE('',*,*,#417,.F.);
#326=ORIENTED_EDGE('',*,*,#418,.F.);
#327=ORIENTED_EDGE('',*,*,#419,.T.);
#328=ORIENTED_EDGE('',*,*,#420,.T.);
#329=ORIENTED_EDGE('',*,*,#421,.F.);
#330=ORIENTED_EDGE('',*,*,#418,.T.);
#331=ORIENTED_EDGE('',*,*,#420,.F.);
#332=ORIENTED_EDGE('',*,*,#419,.F.);
#333=ORIENTED_EDGE('',*,*,#421,.T.);
#334=EDGE_CURVE('',#422,#422,#494,.T.);
#335=EDGE_CURVE('',#423,#423,#495,.T.);
#336=EDGE_CURVE('',#424,#424,#496,.T.);
#337=EDGE_CURVE('',#425,#425,#497,.T.);
#338=EDGE_CURVE('',#426,#426,#498,.T.);
#339=EDGE_CURVE('',#427,#427,#499,.T.);
#340=EDGE_CURVE('',#428,#428,#500,.T.);
#341=EDGE_CURVE('',#429,#429,#501,.T.);
#342=EDGE_CURVE('',#430,#430,#502,.T.);
#343=EDGE_CURVE('',#431,#431,#503,.T.);
#344=EDGE_CURVE('',#432,#432,#504,.T.);
#345=EDGE_CURVE('',#433,#433,#505,.T.);
#346=EDGE_CURVE('',#434,#435,#10,.T.);
#347=EDGE_CURVE('',#435,#436,#11,.T.);
#348=EDGE_CURVE('',#437,#436,#12,.T.);
#349=EDGE_CURVE('',#437,#438,#13,.F.);
#350=EDGE_CURVE('',#439,#438,#14,.T.);
#351=EDGE_CURVE('',#439,#440,#15,.T.);
#352=EDGE_CURVE('',#440,#441,#16,.T.);
#353=EDGE_CURVE('',#441,#442,#17,.F.);
#354=EDGE_CURVE('',#442,#443,#18,.T.);
#355=EDGE_CURVE('',#444,#443,#19,.T.);
#356=EDGE_CURVE('',#445,#444,#20,.T.);
#357=EDGE_CURVE('',#446,#445,#21,.T.);
#358=EDGE_CURVE('',#446,#447,#22,.T.);
#359=EDGE_CURVE('',#447,#448,#23,.T.);
#360=EDGE_CURVE('',#449,#448,#24,.T.);
#361=EDGE_CURVE('',#449,#434,#25,.T.);
#362=EDGE_CURVE('',#450,#451,#26,.T.);
#363=EDGE_CURVE('',#451,#449,#27,.T.);
#364=EDGE_CURVE('',#448,#452,#28,.T.);
#365=EDGE_CURVE('',#453,#452,#29,.T.);
#366=EDGE_CURVE('',#445,#453,#30,.T.);
#367=EDGE_CURVE('',#450,#444,#31,.T.);
#368=EDGE_CURVE('',#438,#454,#32,.T.);
#369=EDGE_CURVE('',#455,#454,#33,.T.);
#370=EDGE_CURVE('',#455,#439,#34,.T.);
#371=EDGE_CURVE('',#456,#457,#35,.T.);
#372=EDGE_CURVE('',#457,#441,#36,.T.);
#373=EDGE_CURVE('',#440,#456,#37,.T.);
#374=EDGE_CURVE('',#458,#459,#38,.T.);
#375=EDGE_CURVE('',#459,#435,#39,.T.);
#376=EDGE_CURVE('',#460,#434,#40,.T.);
#377=EDGE_CURVE('',#461,#460,#41,.T.);
#378=EDGE_CURVE('',#461,#443,#42,.T.);
#379=EDGE_CURVE('',#442,#458,#43,.T.);
#380=EDGE_CURVE('',#462,#453,#44,.T.);
#381=EDGE_CURVE('',#446,#462,#45,.T.);
#382=EDGE_CURVE('',#462,#463,#46,.T.);
#383=EDGE_CURVE('',#447,#463,#47,.T.);
#384=EDGE_CURVE('',#463,#452,#48,.T.);
#385=EDGE_CURVE('',#464,#464,#506,.T.);
#386=EDGE_CURVE('',#465,#465,#507,.T.);
#387=EDGE_CURVE('',#466,#466,#508,.T.);
#388=EDGE_CURVE('',#467,#467,#509,.T.);
#389=EDGE_CURVE('',#436,#468,#49,.T.);
#390=EDGE_CURVE('',#469,#468,#50,.T.);
#391=EDGE_CURVE('',#469,#437,#51,.T.);
#392=EDGE_CURVE('',#468,#459,#52,.T.);
#393=EDGE_CURVE('',#458,#457,#53,.F.);
#394=EDGE_CURVE('',#456,#455,#54,.T.);
#395=EDGE_CURVE('',#454,#469,#55,.F.);
#396=EDGE_CURVE('',#451,#460,#56,.T.);
#397=EDGE_CURVE('',#450,#461,#57,.T.);
#398=EDGE_CURVE('',#470,#470,#510,.T.);
#399=EDGE_CURVE('',#471,#471,#511,.T.);
#400=EDGE_CURVE('',#472,#472,#512,.T.);
#401=EDGE_CURVE('',#473,#473,#513,.T.);
#402=EDGE_CURVE('',#474,#474,#514,.T.);
#403=EDGE_CURVE('',#475,#475,#515,.T.);
#404=EDGE_CURVE('',#476,#476,#516,.T.);
#405=EDGE_CURVE('',#477,#477,#517,.T.);
#406=EDGE_CURVE('',#478,#478,#518,.T.);
#407=EDGE_CURVE('',#479,#479,#519,.T.);
#408=EDGE_CURVE('',#480,#480,#520,.T.);
#409=EDGE_CURVE('',#481,#481,#521,.T.);
#410=EDGE_CURVE('',#482,#482,#522,.T.);
#411=EDGE_CURVE('',#483,#483,#523,.T.);
#412=EDGE_CURVE('',#484,#484,#524,.T.);
#413=EDGE_CURVE('',#485,#485,#525,.T.);
#414=EDGE_CURVE('',#486,#486,#526,.T.);
#415=EDGE_CURVE('',#487,#487,#527,.T.);
#416=EDGE_CURVE('',#488,#488,#528,.T.);
#417=EDGE_CURVE('',#489,#489,#529,.T.);
#418=EDGE_CURVE('',#490,#490,#530,.T.);
#419=EDGE_CURVE('',#491,#491,#531,.T.);
#420=EDGE_CURVE('',#492,#492,#532,.T.);
#421=EDGE_CURVE('',#493,#493,#533,.T.);
#422=VERTEX_POINT('',#1271);
#423=VERTEX_POINT('',#1273);
#424=VERTEX_POINT('',#1276);
#425=VERTEX_POINT('',#1278);
#426=VERTEX_POINT('',#1284);
#427=VERTEX_POINT('',#1286);
#428=VERTEX_POINT('',#1289);
#429=VERTEX_POINT('',#1291);
#430=VERTEX_POINT('',#1297);
#431=VERTEX_POINT('',#1299);
#432=VERTEX_POINT('',#1301);
#433=VERTEX_POINT('',#1303);
#434=VERTEX_POINT('',#1305);
#435=VERTEX_POINT('',#1306);
#436=VERTEX_POINT('',#1308);
#437=VERTEX_POINT('',#1310);
#438=VERTEX_POINT('',#1312);
#439=VERTEX_POINT('',#1314);
#440=VERTEX_POINT('',#1316);
#441=VERTEX_POINT('',#1318);
#442=VERTEX_POINT('',#1320);
#443=VERTEX_POINT('',#1322);
#444=VERTEX_POINT('',#1324);
#445=VERTEX_POINT('',#1326);
#446=VERTEX_POINT('',#1328);
#447=VERTEX_POINT('',#1330);
#448=VERTEX_POINT('',#1332);
#449=VERTEX_POINT('',#1334);
#450=VERTEX_POINT('',#1338);
#451=VERTEX_POINT('',#1339);
#452=VERTEX_POINT('',#1342);
#453=VERTEX_POINT('',#1344);
#454=VERTEX_POINT('',#1349);
#455=VERTEX_POINT('',#1351);
#456=VERTEX_POINT('',#1355);
#457=VERTEX_POINT('',#1356);
#458=VERTEX_POINT('',#1361);
#459=VERTEX_POINT('',#1362);
#460=VERTEX_POINT('',#1365);
#461=VERTEX_POINT('',#1367);
#462=VERTEX_POINT('',#1372);
#463=VERTEX_POINT('',#1376);
#464=VERTEX_POINT('',#1382);
#465=VERTEX_POINT('',#1385);
#466=VERTEX_POINT('',#1388);
#467=VERTEX_POINT('',#1391);
#468=VERTEX_POINT('',#1394);
#469=VERTEX_POINT('',#1396);
#470=VERTEX_POINT('',#1416);
#471=VERTEX_POINT('',#1418);
#472=VERTEX_POINT('',#1421);
#473=VERTEX_POINT('',#1423);
#474=VERTEX_POINT('',#1429);
#475=VERTEX_POINT('',#1431);
#476=VERTEX_POINT('',#1434);
#477=VERTEX_POINT('',#1436);
#478=VERTEX_POINT('',#1442);
#479=VERTEX_POINT('',#1444);
#480=VERTEX_POINT('',#1447);
#481=VERTEX_POINT('',#1449);
#482=VERTEX_POINT('',#1455);
#483=VERTEX_POINT('',#1457);
#484=VERTEX_POINT('',#1460);
#485=VERTEX_POINT('',#1462);
#486=VERTEX_POINT('',#1468);
#487=VERTEX_POINT('',#1470);
#488=VERTEX_POINT('',#1473);
#489=VERTEX_POINT('',#1475);
#490=VERTEX_POINT('',#1481);
#491=VERTEX_POINT('',#1483);
#492=VERTEX_POINT('',#1486);
#493=VERTEX_POINT('',#1488);
#494=CIRCLE('',#913,0.0017);
#495=CIRCLE('',#914,0.0017);
#496=CIRCLE('',#916,0.003);
#497=CIRCLE('',#917,0.003);
#498=CIRCLE('',#922,0.0017);
#499=CIRCLE('',#923,0.0017);
#500=CIRCLE('',#925,0.003);
#501=CIRCLE('',#926,0.003);
#502=CIRCLE('',#931,0.003);
#503=CIRCLE('',#932,0.003);
#504=CIRCLE('',#933,0.003);
#505=CIRCLE('',#934,0.003);
#506=CIRCLE('',#943,0.003);
#507=CIRCLE('',#945,0.003);
#508=CIRCLE('',#947,0.003);
#509=CIRCLE('',#949,0.003);
#510=CIRCLE('',#962,0.0017);
#511=CIRCLE('',#963,0.0017);
#512=CIRCLE('',#965,0.003);
#513=CIRCLE('',#966,0.003);
#514=CIRCLE('',#971,0.0017);
#515=CIRCLE('',#972,0.0017);
#516=CIRCLE('',#974,0.003);
#517=CIRCLE('',#975,0.003);
#518=CIRCLE('',#980,0.0017);
#519=CIRCLE('',#981,0.0017);
#520=CIRCLE('',#983,0.003);
#521=CIRCLE('',#984,0.003);
#522=CIRCLE('',#989,0.0017);
#523=CIRCLE('',#990,0.0017);
#524=CIRCLE('',#992,0.003);
#525=CIRCLE('',#993,0.003);
#526=CIRCLE('',#998,0.0017);
#527=CIRCLE('',#999,0.0017);
#528=CIRCLE('',#1001,0.003);
#529=CIRCLE('',#1002,0.003);
#530=CIRCLE('',#1007,0.0017);
#531=CIRCLE('',#1008,0.0017);
#532=CIRCLE('',#1010,0.003);
#533=CIRCLE('',#1011,0.003);
#534=EDGE_LOOP('',(#158));
#535=EDGE_LOOP('',(#159));
#536=EDGE_LOOP('',(#160));
#537=EDGE_LOOP('',(#161));
#538=EDGE_LOOP('',(#162));
#539=EDGE_LOOP('',(#163));
#540=EDGE_LOOP('',(#164));
#541=EDGE_LOOP('',(#165));
#542=EDGE_LOOP('',(#166));
#543=EDGE_LOOP('',(#167));
#544=EDGE_LOOP('',(#168));
#545=EDGE_LOOP('',(#169));
#546=EDGE_LOOP('',(#170));
#547=EDGE_LOOP('',(#171));
#548=EDGE_LOOP('',(#172));
#549=EDGE_LOOP('',(#173));
#550=EDGE_LOOP('',(#174));
#551=EDGE_LOOP('',(#175));
#552=EDGE_LOOP('',(#176));
#553=EDGE_LOOP('',(#177));
#554=EDGE_LOOP('',(#178,#179,#180,#181,#182,#183,#184,#185,#186,#187,#188,#189,#190,#191,#192,#193));
#555=EDGE_LOOP('',(#194,#195,#196,#197,#198,#199,#200,#201));
#556=EDGE_LOOP('',(#202,#203,#204,#205));
#557=EDGE_LOOP('',(#206,#207,#208,#209));
#558=EDGE_LOOP('',(#210,#211,#212,#213,#214,#215,#216,#217));
#559=EDGE_LOOP('',(#218,#219,#220,#221));
#560=EDGE_LOOP('',(#222,#223,#224,#225));
#561=EDGE_LOOP('',(#226,#227,#228,#229));
#562=EDGE_LOOP('',(#230));
#563=EDGE_LOOP('',(#231));
#564=EDGE_LOOP('',(#232));
#565=EDGE_LOOP('',(#233));
#566=EDGE_LOOP('',(#234));
#567=EDGE_LOOP('',(#235));
#568=EDGE_LOOP('',(#236));
#569=EDGE_LOOP('',(#237));
#570=EDGE_LOOP('',(#238,#239,#240,#241));
#571=EDGE_LOOP('',(#242));
#572=EDGE_LOOP('',(#243));
#573=EDGE_LOOP('',(#244));
#574=EDGE_LOOP('',(#245));
#575=EDGE_LOOP('',(#246,#247,#248,#249,#250,#251,#252,#253));
#576=EDGE_LOOP('',(#254,#255,#256,#257));
#577=EDGE_LOOP('',(#258,#259,#260,#261));
#578=EDGE_LOOP('',(#262,#263,#264,#265));
#579=EDGE_LOOP('',(#266,#267,#268,#269));
#580=EDGE_LOOP('',(#270,#271,#272,#273));
#581=EDGE_LOOP('',(#274,#275,#276,#277));
#582=EDGE_LOOP('',(#278,#279,#280,#281));
#583=EDGE_LOOP('',(#282,#283,#284,#285));
#584=EDGE_LOOP('',(#286));
#585=EDGE_LOOP('',(#287));
#586=EDGE_LOOP('',(#288));
#587=EDGE_LOOP('',(#289));
#588=EDGE_LOOP('',(#290));
#589=EDGE_LOOP('',(#291));
#590=EDGE_LOOP('',(#292));
#591=EDGE_LOOP('',(#293));
#592=EDGE_LOOP('',(#294));
#593=EDGE_LOOP('',(#295));
#594=EDGE_LOOP('',(#296));
#595=EDGE_LOOP('',(#297));
#596=EDGE_LOOP('',(#298));
#597=EDGE_LOOP('',(#299));
#598=EDGE_LOOP('',(#300));
#599=EDGE_LOOP('',(#301));
#600=EDGE_LOOP('',(#302));
#601=EDGE_LOOP('',(#303));
#602=EDGE_LOOP('',(#304));
#603=EDGE_LOOP('',(#305));
#604=EDGE_LOOP('',(#306));
#605=EDGE_LOOP('',(#307));
#606=EDGE_LOOP('',(#308));
#607=EDGE_LOOP('',(#309));
#608=EDGE_LOOP('',(#310));
#609=EDGE_LOOP('',(#311));
#610=EDGE_LOOP('',(#312));
#611=EDGE_LOOP('',(#313));
#612=EDGE_LOOP('',(#314));
#613=EDGE_LOOP('',(#315));
#614=EDGE_LOOP('',(#316));
#615=EDGE_LOOP('',(#317));
#616=EDGE_LOOP('',(#318));
#617=EDGE_LOOP('',(#319));
#618=EDGE_LOOP('',(#320));
#619=EDGE_LOOP('',(#321));
#620=EDGE_LOOP('',(#322));
#621=EDGE_LOOP('',(#323));
#622=EDGE_LOOP('',(#324));
#623=EDGE_LOOP('',(#325));
#624=EDGE_LOOP('',(#326));
#625=EDGE_LOOP('',(#327));
#626=EDGE_LOOP('',(#328));
#627=EDGE_LOOP('',(#329));
#628=EDGE_LOOP('',(#330));
#629=EDGE_LOOP('',(#331));
#630=EDGE_LOOP('',(#332));
#631=EDGE_LOOP('',(#333));
#632=FACE_BOUND('',#534,.T.);
#633=FACE_BOUND('',#535,.T.);
#634=FACE_BOUND('',#536,.T.);
#635=FACE_BOUND('',#537,.T.);
#636=FACE_BOUND('',#538,.T.);
#637=FACE_BOUND('',#539,.T.);
#638=FACE_BOUND('',#540,.T.);
#639=FACE_BOUND('',#541,.T.);
#640=FACE_BOUND('',#542,.T.);
#641=FACE_BOUND('',#543,.T.);
#642=FACE_BOUND('',#544,.T.);
#643=FACE_BOUND('',#545,.T.);
#644=FACE_BOUND('',#546,.T.);
#645=FACE_BOUND('',#547,.T.);
#646=FACE_BOUND('',#548,.T.);
#647=FACE_BOUND('',#549,.T.);
#648=FACE_BOUND('',#550,.T.);
#649=FACE_BOUND('',#551,.T.);
#650=FACE_BOUND('',#552,.T.);
#651=FACE_BOUND('',#553,.T.);
#652=FACE_BOUND('',#554,.T.);
#653=FACE_BOUND('',#555,.T.);
#654=FACE_BOUND('',#556,.T.);
#655=FACE_BOUND('',#557,.T.);
#656=FACE_BOUND('',#558,.T.);
#657=FACE_BOUND('',#559,.T.);
#658=FACE_BOUND('',#560,.T.);
#659=FACE_BOUND('',#561,.T.);
#660=FACE_BOUND('',#562,.T.);
#661=FACE_BOUND('',#563,.T.);
#662=FACE_BOUND('',#564,.T.);
#663=FACE_BOUND('',#565,.T.);
#664=FACE_BOUND('',#566,.T.);
#665=FACE_BOUND('',#567,.T.);
#666=FACE_BOUND('',#568,.T.);
#667=FACE_BOUND('',#569,.T.);
#668=FACE_BOUND('',#570,.T.);
#669=FACE_BOUND('',#571,.T.);
#670=FACE_BOUND('',#572,.T.);
#671=FACE_BOUND('',#573,.T.);
#672=FACE_BOUND('',#574,.T.);
#673=FACE_BOUND('',#575,.T.);
#674=FACE_BOUND('',#576,.T.);
#675=FACE_BOUND('',#577,.T.);
#676=FACE_BOUND('',#578,.T.);
#677=FACE_BOUND('',#579,.T.);
#678=FACE_BOUND('',#580,.T.);
#679=FACE_BOUND('',#581,.T.);
#680=FACE_BOUND('',#582,.T.);
#681=FACE_BOUND('',#583,.T.);
#682=FACE_BOUND('',#584,.T.);
#683=FACE_BOUND('',#585,.T.);
#684=FACE_BOUND('',#586,.T.);
#685=FACE_BOUND('',#587,.T.);
#686=FACE_BOUND('',#588,.T.);
#687=FACE_BOUND('',#589,.T.);
#688=FACE_BOUND('',#590,.T.);
#689=FACE_BOUND('',#591,.T.);
#690=FACE_BOUND('',#592,.T.);
#691=FACE_BOUND('',#593,.T.);
#692=FACE_BOUND('',#594,.T.);
#693=FACE_BOUND('',#595,.T.);
#694=FACE_BOUND('',#596,.T.);
#695=FACE_BOUND('',#597,.T.);
#696=FACE_BOUND('',#598,.T.);
#697=FACE_BOUND('',#599,.T.);
#698=FACE_BOUND('',#600,.T.);
#699=FACE_BOUND('',#601,.T.);
#700=FACE_BOUND('',#602,.T.);
#701=FACE_BOUND('',#603,.T.);
#702=FACE_BOUND('',#604,.T.);
#703=FACE_BOUND('',#605,.T.);
#704=FACE_BOUND('',#606,.T.);
#705=FACE_BOUND('',#607,.T.);
#706=FACE_BOUND('',#608,.T.);
#707=FACE_BOUND('',#609,.T.);
#708=FACE_BOUND('',#610,.T.);
#709=FACE_BOUND('',#611,.T.);
#710=FACE_BOUND('',#612,.T.);
#711=FACE_BOUND('',#613,.T.);
#712=FACE_BOUND('',#614,.T.);
#713=FACE_BOUND('',#615,.T.);
#714=FACE_BOUND('',#616,.T.);
#715=FACE_BOUND('',#617,.T.);
#716=FACE_BOUND('',#618,.T.);
#717=FACE_BOUND('',#619,.T.);
#718=FACE_BOUND('',#620,.T.);
#719=FACE_BOUND('',#621,.T.);
#720=FACE_BOUND('',#622,.T.);
#721=FACE_BOUND('',#623,.T.);
#722=FACE_BOUND('',#624,.T.);
#723=FACE_BOUND('',#625,.T.);
#724=FACE_BOUND('',#626,.T.);
#725=FACE_BOUND('',#627,.T.);
#726=FACE_BOUND('',#628,.T.);
#727=FACE_BOUND('',#629,.T.);
#728=FACE_BOUND('',#630,.T.);
#729=FACE_BOUND('',#631,.T.);
#730=CYLINDRICAL_SURFACE('',#912,0.0017);
#731=CYLINDRICAL_SURFACE('',#915,0.003);
#732=CYLINDRICAL_SURFACE('',#921,0.0017);
#733=CYLINDRICAL_SURFACE('',#924,0.003);
#734=CYLINDRICAL_SURFACE('',#942,0.003);
#735=CYLINDRICAL_SURFACE('',#944,0.003);
#736=CYLINDRICAL_SURFACE('',#946,0.003);
#737=CYLINDRICAL_SURFACE('',#948,0.003);
#738=CYLINDRICAL_SURFACE('',#961,0.0017);
#739=CYLINDRICAL_SURFACE('',#964,0.003);
#740=CYLINDRICAL_SURFACE('',#970,0.0017);
#741=CYLINDRICAL_SURFACE('',#973,0.003);
#742=CYLINDRICAL_SURFACE('',#979,0.0017);
#743=CYLINDRICAL_SURFACE('',#982,0.003);
#744=CYLINDRICAL_SURFACE('',#988,0.0017);
#745=CYLINDRICAL_SURFACE('',#991,0.003);
#746=CYLINDRICAL_SURFACE('',#997,0.0017);
#747=CYLINDRICAL_SURFACE('',#1000,0.003);
#748=CYLINDRICAL_SURFACE('',#1006,0.0017);
#749=CYLINDRICAL_SURFACE('',#1009,0.003);
#750=ADVANCED_FACE('',(#632,#633),#730,.F.);
#751=ADVANCED_FACE('',(#634,#635),#731,.T.);
#752=ADVANCED_FACE('',(#636,#637),#124,.T.);
#753=ADVANCED_FACE('',(#638,#639),#125,.F.);
#754=ADVANCED_FACE('',(#640,#641),#732,.F.);
#755=ADVANCED_FACE('',(#642,#643),#733,.T.);
#756=ADVANCED_FACE('',(#644,#645),#126,.F.);
#757=ADVANCED_FACE('',(#646,#647),#127,.T.);
#758=ADVANCED_FACE('',(#648,#649,#650,#651,#652),#128,.T.);
#759=ADVANCED_FACE('',(#653),#129,.T.);
#760=ADVANCED_FACE('',(#654),#130,.T.);
#761=ADVANCED_FACE('',(#655),#131,.F.);
#762=ADVANCED_FACE('',(#656),#132,.F.);
#763=ADVANCED_FACE('',(#657),#133,.T.);
#764=ADVANCED_FACE('',(#658),#134,.F.);
#765=ADVANCED_FACE('',(#659),#135,.F.);
#766=ADVANCED_FACE('',(#660,#661),#734,.F.);
#767=ADVANCED_FACE('',(#662,#663),#735,.F.);
#768=ADVANCED_FACE('',(#664,#665),#736,.F.);
#769=ADVANCED_FACE('',(#666,#667),#737,.F.);
#770=ADVANCED_FACE('',(#668),#136,.T.);
#771=ADVANCED_FACE('',(#669,#670,#671,#672,#673),#137,.F.);
#772=ADVANCED_FACE('',(#674),#138,.T.);
#773=ADVANCED_FACE('',(#675),#139,.T.);
#774=ADVANCED_FACE('',(#676),#140,.F.);
#775=ADVANCED_FACE('',(#677),#141,.T.);
#776=ADVANCED_FACE('',(#678),#142,.T.);
#777=ADVANCED_FACE('',(#679),#143,.F.);
#778=ADVANCED_FACE('',(#680),#144,.F.);
#779=ADVANCED_FACE('',(#681),#145,.T.);
#780=ADVANCED_FACE('',(#682,#683),#738,.F.);
#781=ADVANCED_FACE('',(#684,#685),#739,.T.);
#782=ADVANCED_FACE('',(#686,#687),#146,.T.);
#783=ADVANCED_FACE('',(#688,#689),#147,.F.);
#784=ADVANCED_FACE('',(#690,#691),#740,.F.);
#785=ADVANCED_FACE('',(#692,#693),#741,.T.);
#786=ADVANCED_FACE('',(#694,#695),#148,.F.);
#787=ADVANCED_FACE('',(#696,#697),#149,.T.);
#788=ADVANCED_FACE('',(#698,#699),#742,.F.);
#789=ADVANCED_FACE('',(#700,#701),#743,.T.);
#790=ADVANCED_FACE('',(#702,#703),#150,.T.);
#791=ADVANCED_FACE('',(#704,#705),#151,.F.);
#792=ADVANCED_FACE('',(#706,#707),#744,.F.);
#793=ADVANCED_FACE('',(#708,#709),#745,.T.);
#794=ADVANCED_FACE('',(#710,#711),#152,.F.);
#795=ADVANCED_FACE('',(#712,#713),#153,.T.);
#796=ADVANCED_FACE('',(#714,#715),#746,.F.);
#797=ADVANCED_FACE('',(#716,#717),#747,.T.);
#798=ADVANCED_FACE('',(#718,#719),#154,.T.);
#799=ADVANCED_FACE('',(#720,#721),#155,.F.);
#800=ADVANCED_FACE('',(#722,#723),#748,.F.);
#801=ADVANCED_FACE('',(#724,#725),#749,.T.);
#802=ADVANCED_FACE('',(#726,#727),#156,.F.);
#803=ADVANCED_FACE('',(#728,#729),#157,.T.);
#804=CLOSED_SHELL('',(#750,#751,#752,#753));
#805=CLOSED_SHELL('',(#754,#755,#756,#757));
#806=CLOSED_SHELL('',(#758,#759,#760,#761,#762,#763,#764,#765,#766,#767,#768,#769,#770,#771,#772,#773,#774,#775,#776,#777,#778,#779));
#807=CLOSED_SHELL('',(#780,#781,#782,#783));
#808=CLOSED_SHELL('',(#784,#785,#786,#787));
#809=CLOSED_SHELL('',(#788,#789,#790,#791));
#810=CLOSED_SHELL('',(#792,#793,#794,#795));
#811=CLOSED_SHELL('',(#796,#797,#798,#799));
#812=CLOSED_SHELL('',(#800,#801,#802,#803));
#813=STYLED_ITEM('',(#822),#884);
#814=STYLED_ITEM('',(#823),#885);
#815=STYLED_ITEM('',(#824),#886);
#816=STYLED_ITEM('',(#825),#887);
#817=STYLED_ITEM('',(#826),#888);
#818=STYLED_ITEM('',(#827),#889);
#819=STYLED_ITEM('',(#828),#890);
#820=STYLED_ITEM('',(#829),#891);
#821=STYLED_ITEM('',(#830),#892);
#822=PRESENTATION_STYLE_ASSIGNMENT((#831));
#823=PRESENTATION_STYLE_ASSIGNMENT((#832));
#824=PRESENTATION_STYLE_ASSIGNMENT((#833));
#825=PRESENTATION_STYLE_ASSIGNMENT((#834));
#826=PRESENTATION_STYLE_ASSIGNMENT((#835));
#827=PRESENTATION_STYLE_ASSIGNMENT((#836));
#828=PRESENTATION_STYLE_ASSIGNMENT((#837));
#829=PRESENTATION_STYLE_ASSIGNMENT((#838));
#830=PRESENTATION_STYLE_ASSIGNMENT((#839));
#831=SURFACE_STYLE_USAGE(.BOTH.,#840);
#832=SURFACE_STYLE_USAGE(.BOTH.,#841);
#833=SURFACE_STYLE_USAGE(.BOTH.,#842);
#834=SURFACE_STYLE_USAGE(.BOTH.,#843);
#835=SURFACE_STYLE_USAGE(.BOTH.,#844);
#836=SURFACE_STYLE_USAGE(.BOTH.,#845);
#837=SURFACE_STYLE_USAGE(.BOTH.,#846);
#838=SURFACE_STYLE_USAGE(.BOTH.,#847);
#839=SURFACE_STYLE_USAGE(.BOTH.,#848);
#840=SURFACE_SIDE_STYLE('',(#849));
#841=SURFACE_SIDE_STYLE('',(#850));
#842=SURFACE_SIDE_STYLE('',(#851));
#843=SURFACE_SIDE_STYLE('',(#852));
#844=SURFACE_SIDE_STYLE('',(#853));
#845=SURFACE_SIDE_STYLE('',(#854));
#846=SURFACE_SIDE_STYLE('',(#855));
#847=SURFACE_SIDE_STYLE('',(#856));
#848=SURFACE_SIDE_STYLE('',(#857));
#849=SURFACE_STYLE_FILL_AREA(#858);
#850=SURFACE_STYLE_FILL_AREA(#859);
#851=SURFACE_STYLE_FILL_AREA(#860);
#852=SURFACE_STYLE_FILL_AREA(#861);
#853=SURFACE_STYLE_FILL_AREA(#862);
#854=SURFACE_STYLE_FILL_AREA(#863);
#855=SURFACE_STYLE_FILL_AREA(#864);
#856=SURFACE_STYLE_FILL_AREA(#865);
#857=SURFACE_STYLE_FILL_AREA(#866);
#858=FILL_AREA_STYLE('',(#867));
#859=FILL_AREA_STYLE('',(#868));
#860=FILL_AREA_STYLE('',(#869));
#861=FILL_AREA_STYLE('',(#870));
#862=FILL_AREA_STYLE('',(#871));
#863=FILL_AREA_STYLE('',(#872));
#864=FILL_AREA_STYLE('',(#873));
#865=FILL_AREA_STYLE('',(#874));
#866=FILL_AREA_STYLE('',(#875));
#867=FILL_AREA_STYLE_COLOUR('',#876);
#868=FILL_AREA_STYLE_COLOUR('',#877);
#869=FILL_AREA_STYLE_COLOUR('',#878);
#870=FILL_AREA_STYLE_COLOUR('',#879);
#871=FILL_AREA_STYLE_COLOUR('',#879);
#872=FILL_AREA_STYLE_COLOUR('',#880);
#873=FILL_AREA_STYLE_COLOUR('',#881);
#874=FILL_AREA_STYLE_COLOUR('',#882);
#875=FILL_AREA_STYLE_COLOUR('',#883);
#876=COLOUR_RGB('',0.980392156862745,0.713725490196078,0.00392156862745098);
#877=COLOUR_RGB('',0.917647058823529,0.917647058823529,0.917647058823529);
#878=COLOUR_RGB('',0.768627450980392,0.886274509803922,0.952941176470588);
#879=COLOUR_RGB('',0.615686274509804,0.811764705882353,0.929411764705882);
#880=COLOUR_RGB('',0.972549019607843,0.529411764705882,0.00392156862745098);
#881=COLOUR_RGB('',0.647058823529412,0.647058823529412,0.647058823529412);
#882=COLOUR_RGB('',0.498039215686275,0.498039215686275,0.498039215686275);
#883=COLOUR_RGB('',0.231372549019608,0.380392156862745,0.705882352941177);
#884=MANIFOLD_SOLID_BREP('Part 8',#804);
#885=MANIFOLD_SOLID_BREP('Part 4',#805);
#886=MANIFOLD_SOLID_BREP('Part 5',#806);
#887=MANIFOLD_SOLID_BREP('Part 9',#807);
#888=MANIFOLD_SOLID_BREP('Part 1',#808);
#889=MANIFOLD_SOLID_BREP('Part 6',#809);
#890=MANIFOLD_SOLID_BREP('Part 2',#810);
#891=MANIFOLD_SOLID_BREP('Part 7',#811);
#892=MANIFOLD_SOLID_BREP('Part 3',#812);
#893=SHAPE_DEFINITION_REPRESENTATION(#1545,#902);
#894=SHAPE_DEFINITION_REPRESENTATION(#1546,#903);
#895=SHAPE_DEFINITION_REPRESENTATION(#1547,#904);
#896=SHAPE_DEFINITION_REPRESENTATION(#1548,#905);
#897=SHAPE_DEFINITION_REPRESENTATION(#1549,#906);
#898=SHAPE_DEFINITION_REPRESENTATION(#1550,#907);
#899=SHAPE_DEFINITION_REPRESENTATION(#1551,#908);
#900=SHAPE_DEFINITION_REPRESENTATION(#1552,#909);
#901=SHAPE_DEFINITION_REPRESENTATION(#1553,#910);
#902=SHAPE_REPRESENTATION('Part 8',(#911),#1500);
#903=SHAPE_REPRESENTATION('Part 4',(#920),#1501);
#904=SHAPE_REPRESENTATION('Part 5',(#929),#1502);
#905=SHAPE_REPRESENTATION('Part 9',(#960),#1503);
#906=SHAPE_REPRESENTATION('Part 1',(#969),#1504);
#907=SHAPE_REPRESENTATION('Part 6',(#978),#1505);
#908=SHAPE_REPRESENTATION('Part 2',(#987),#1506);
#909=SHAPE_REPRESENTATION('Part 7',(#996),#1507);
#910=SHAPE_REPRESENTATION('Part 3',(#1005),#1508);
#911=AXIS2_PLACEMENT_3D('',#1268,#1014,#1015);
#912=AXIS2_PLACEMENT_3D('',#1269,#1016,#1017);
#913=AXIS2_PLACEMENT_3D('',#1270,#1018,#1019);
#914=AXIS2_PLACEMENT_3D('',#1272,#1020,#1021);
#915=AXIS2_PLACEMENT_3D('',#1274,#1022,#1023);
#916=AXIS2_PLACEMENT_3D('',#1275,#1024,#1025);
#917=AXIS2_PLACEMENT_3D('',#1277,#1026,#1027);
#918=AXIS2_PLACEMENT_3D('',#1279,#1028,#1029);
#919=AXIS2_PLACEMENT_3D('',#1280,#1030,#1031);
#920=AXIS2_PLACEMENT_3D('',#1281,#1032,#1033);
#921=AXIS2_PLACEMENT_3D('',#1282,#1034,#1035);
#922=AXIS2_PLACEMENT_3D('',#1283,#1036,#1037);
#923=AXIS2_PLACEMENT_3D('',#1285,#1038,#1039);
#924=AXIS2_PLACEMENT_3D('',#1287,#1040,#1041);
#925=AXIS2_PLACEMENT_3D('',#1288,#1042,#1043);
#926=AXIS2_PLACEMENT_3D('',#1290,#1044,#1045);
#927=AXIS2_PLACEMENT_3D('',#1292,#1046,#1047);
#928=AXIS2_PLACEMENT_3D('',#1293,#1048,#1049);
#929=AXIS2_PLACEMENT_3D('',#1294,#1050,#1051);
#930=AXIS2_PLACEMENT_3D('',#1295,#1052,#1053);
#931=AXIS2_PLACEMENT_3D('',#1296,#1054,#1055);
#932=AXIS2_PLACEMENT_3D('',#1298,#1056,#1057);
#933=AXIS2_PLACEMENT_3D('',#1300,#1058,#1059);
#934=AXIS2_PLACEMENT_3D('',#1302,#1060,#1061);
#935=AXIS2_PLACEMENT_3D('',#1336,#1078,#1079);
#936=AXIS2_PLACEMENT_3D('',#1347,#1086,#1087);
#937=AXIS2_PLACEMENT_3D('',#1353,#1091,#1092);
#938=AXIS2_PLACEMENT_3D('',#1359,#1096,#1097);
#939=AXIS2_PLACEMENT_3D('',#1370,#1104,#1105);
#940=AXIS2_PLACEMENT_3D('',#1374,#1108,#1109);
#941=AXIS2_PLACEMENT_3D('',#1378,#1112,#1113);
#942=AXIS2_PLACEMENT_3D('',#1380,#1115,#1116);
#943=AXIS2_PLACEMENT_3D('',#1381,#1117,#1118);
#944=AXIS2_PLACEMENT_3D('',#1383,#1119,#1120);
#945=AXIS2_PLACEMENT_3D('',#1384,#1121,#1122);
#946=AXIS2_PLACEMENT_3D('',#1386,#1123,#1124);
#947=AXIS2_PLACEMENT_3D('',#1387,#1125,#1126);
#948=AXIS2_PLACEMENT_3D('',#1389,#1127,#1128);
#949=AXIS2_PLACEMENT_3D('',#1390,#1129,#1130);
#950=AXIS2_PLACEMENT_3D('',#1392,#1131,#1132);
#951=AXIS2_PLACEMENT_3D('',#1398,#1136,#1137);
#952=AXIS2_PLACEMENT_3D('',#1403,#1142,#1143);
#953=AXIS2_PLACEMENT_3D('',#1404,#1144,#1145);
#954=AXIS2_PLACEMENT_3D('',#1406,#1147,#1148);
#955=AXIS2_PLACEMENT_3D('',#1408,#1150,#1151);
#956=AXIS2_PLACEMENT_3D('',#1409,#1152,#1153);
#957=AXIS2_PLACEMENT_3D('',#1410,#1154,#1155);
#958=AXIS2_PLACEMENT_3D('',#1411,#1156,#1157);
#959=AXIS2_PLACEMENT_3D('',#1412,#1158,#1159);
#960=AXIS2_PLACEMENT_3D('',#1413,#1160,#1161);
#961=AXIS2_PLACEMENT_3D('',#1414,#1162,#1163);
#962=AXIS2_PLACEMENT_3D('',#1415,#1164,#1165);
#963=AXIS2_PLACEMENT_3D('',#1417,#1166,#1167);
#964=AXIS2_PLACEMENT_3D('',#1419,#1168,#1169);
#965=AXIS2_PLACEMENT_3D('',#1420,#1170,#1171);
#966=AXIS2_PLACEMENT_3D('',#1422,#1172,#1173);
#967=AXIS2_PLACEMENT_3D('',#1424,#1174,#1175);
#968=AXIS2_PLACEMENT_3D('',#1425,#1176,#1177);
#969=AXIS2_PLACEMENT_3D('',#1426,#1178,#1179);
#970=AXIS2_PLACEMENT_3D('',#1427,#1180,#1181);
#971=AXIS2_PLACEMENT_3D('',#1428,#1182,#1183);
#972=AXIS2_PLACEMENT_3D('',#1430,#1184,#1185);
#973=AXIS2_PLACEMENT_3D('',#1432,#1186,#1187);
#974=AXIS2_PLACEMENT_3D('',#1433,#1188,#1189);
#975=AXIS2_PLACEMENT_3D('',#1435,#1190,#1191);
#976=AXIS2_PLACEMENT_3D('',#1437,#1192,#1193);
#977=AXIS2_PLACEMENT_3D('',#1438,#1194,#1195);
#978=AXIS2_PLACEMENT_3D('',#1439,#1196,#1197);
#979=AXIS2_PLACEMENT_3D('',#1440,#1198,#1199);
#980=AXIS2_PLACEMENT_3D('',#1441,#1200,#1201);
#981=AXIS2_PLACEMENT_3D('',#1443,#1202,#1203);
#982=AXIS2_PLACEMENT_3D('',#1445,#1204,#1205);
#983=AXIS2_PLACEMENT_3D('',#1446,#1206,#1207);
#984=AXIS2_PLACEMENT_3D('',#1448,#1208,#1209);
#985=AXIS2_PLACEMENT_3D('',#1450,#1210,#1211);
#986=AXIS2_PLACEMENT_3D('',#1451,#1212,#1213);
#987=AXIS2_PLACEMENT_3D('',#1452,#1214,#1215);
#988=AXIS2_PLACEMENT_3D('',#1453,#1216,#1217);
#989=AXIS2_PLACEMENT_3D('',#1454,#1218,#1219);
#990=AXIS2_PLACEMENT_3D('',#1456,#1220,#1221);
#991=AXIS2_PLACEMENT_3D('',#1458,#1222,#1223);
#992=AXIS2_PLACEMENT_3D('',#1459,#1224,#1225);
#993=AXIS2_PLACEMENT_3D('',#1461,#1226,#1227);
#994=AXIS2_PLACEMENT_3D('',#1463,#1228,#1229);
#995=AXIS2_PLACEMENT_3D('',#1464,#1230,#1231);
#996=AXIS2_PLACEMENT_3D('',#1465,#1232,#1233);
#997=AXIS2_PLACEMENT_3D('',#1466,#1234,#1235);
#998=AXIS2_PLACEMENT_3D('',#1467,#1236,#1237);
#999=AXIS2_PLACEMENT_3D('',#1469,#1238,#1239);
#1000=AXIS2_PLACEMENT_3D('',#1471,#1240,#1241);
#1001=AXIS2_PLACEMENT_3D('',#1472,#1242,#1243);
#1002=AXIS2_PLACEMENT_3D('',#1474,#1244,#1245);
#1003=AXIS2_PLACEMENT_3D('',#1476,#1246,#1247);
#1004=AXIS2_PLACEMENT_3D('',#1477,#1248,#1249);
#1005=AXIS2_PLACEMENT_3D('',#1478,#1250,#1251);
#1006=AXIS2_PLACEMENT_3D('',#1479,#1252,#1253);
#1007=AXIS2_PLACEMENT_3D('',#1480,#1254,#1255);
#1008=AXIS2_PLACEMENT_3D('',#1482,#1256,#1257);
#1009=AXIS2_PLACEMENT_3D('',#1484,#1258,#1259);
#1010=AXIS2_PLACEMENT_3D('',#1485,#1260,#1261);
#1011=AXIS2_PLACEMENT_3D('',#1487,#1262,#1263);
#1012=AXIS2_PLACEMENT_3D('',#1489,#1264,#1265);
#1013=AXIS2_PLACEMENT_3D('',#1490,#1266,#1267);
#1014=DIRECTION('',(0.,0.,1.));
#1015=DIRECTION('',(1.,0.,0.));
#1016=DIRECTION('',(0.,0.,-1.));
#1017=DIRECTION('',(-1.,0.,0.));
#1018=DIRECTION('',(0.,0.,1.));
#1019=DIRECTION('',(1.,0.,0.));
#1020=DIRECTION('',(0.,0.,1.));
#1021=DIRECTION('',(1.,0.,0.));
#1022=DIRECTION('',(0.,0.,-1.));
#1023=DIRECTION('',(-1.,0.,0.));
#1024=DIRECTION('',(0.,0.,1.));
#1025=DIRECTION('',(1.,0.,0.));
#1026=DIRECTION('',(0.,0.,1.));
#1027=DIRECTION('',(1.,0.,0.));
#1028=DIRECTION('',(0.,0.,1.));
#1029=DIRECTION('',(1.,0.,0.));
#1030=DIRECTION('',(0.,0.,1.));
#1031=DIRECTION('',(1.,0.,0.));
#1032=DIRECTION('',(0.,0.,1.));
#1033=DIRECTION('',(1.,0.,0.));
#1034=DIRECTION('',(0.,0.,1.));
#1035=DIRECTION('',(1.,0.,0.));
#1036=DIRECTION('',(0.,0.,1.));
#1037=DIRECTION('',(1.,0.,0.));
#1038=DIRECTION('',(0.,0.,1.));
#1039=DIRECTION('',(1.,0.,0.));
#1040=DIRECTION('',(0.,0.,1.));
#1041=DIRECTION('',(1.,0.,0.));
#1042=DIRECTION('',(0.,0.,1.));
#1043=DIRECTION('',(1.,0.,0.));
#1044=DIRECTION('',(0.,0.,1.));
#1045=DIRECTION('',(1.,0.,0.));
#1046=DIRECTION('',(0.,0.,1.));
#1047=DIRECTION('',(1.,0.,0.));
#1048=DIRECTION('',(0.,0.,1.));
#1049=DIRECTION('',(1.,0.,0.));
#1050=DIRECTION('',(0.,0.,1.));
#1051=DIRECTION('',(1.,0.,0.));
#1052=DIRECTION('',(0.,0.,1.));
#1053=DIRECTION('',(1.,0.,0.));
#1054=DIRECTION('',(0.,0.,1.));
#1055=DIRECTION('',(1.,0.,0.));
#1056=DIRECTION('',(0.,0.,1.));
#1057=DIRECTION('',(1.,0.,0.));
#1058=DIRECTION('',(0.,0.,1.));
#1059=DIRECTION('',(1.,0.,0.));
#1060=DIRECTION('',(0.,0.,1.));
#1061=DIRECTION('',(1.,0.,0.));
#1062=DIRECTION('',(1.,0.,0.));
#1063=DIRECTION('',(0.707106781186548,0.707106781186548,0.));
#1064=DIRECTION('',(0.,-1.,0.));
#1065=DIRECTION('',(0.70710678118655,-0.707106781186545,0.));
#1066=DIRECTION('',(1.,0.,0.));
#1067=DIRECTION('',(-0.707106781186548,-0.707106781186547,0.));
#1068=DIRECTION('',(6.12323399573677E-17,-1.,0.));
#1069=DIRECTION('',(-0.707106781186547,0.707106781186549,0.));
#1070=DIRECTION('',(1.,0.,0.));
#1071=DIRECTION('',(0.,-1.,0.));
#1072=DIRECTION('',(1.,0.,0.));
#1073=DIRECTION('',(7.57008782691544E-17,-1.,0.));
#1074=DIRECTION('',(1.,0.,0.));
#1075=DIRECTION('',(0.,-1.,0.));
#1076=DIRECTION('',(1.,0.,0.));
#1077=DIRECTION('',(0.,-1.,0.));
#1078=DIRECTION('',(0.,1.,0.));
#1079=DIRECTION('',(0.,0.,1.));
#1080=DIRECTION('',(1.,0.,0.));
#1081=DIRECTION('',(0.,0.,1.));
#1082=DIRECTION('',(0.,0.,-1.));
#1083=DIRECTION('',(1.,0.,0.));
#1084=DIRECTION('',(0.,0.,-1.));
#1085=DIRECTION('',(0.,0.,1.));
#1086=DIRECTION('',(0.,1.,0.));
#1087=DIRECTION('',(0.,0.,1.));
#1088=DIRECTION('',(0.,0.,-1.));
#1089=DIRECTION('',(1.,0.,0.));
#1090=DIRECTION('',(0.,0.,1.));
#1091=DIRECTION('',(1.,6.12323399573677E-17,0.));
#1092=DIRECTION('',(-6.12323399573677E-17,1.,0.));
#1093=DIRECTION('',(6.12323399573677E-17,-1.,0.));
#1094=DIRECTION('',(0.,0.,1.));
#1095=DIRECTION('',(0.,0.,-1.));
#1096=DIRECTION('',(0.,1.,0.));
#1097=DIRECTION('',(0.,0.,1.));
#1098=DIRECTION('',(1.,0.,0.));
#1099=DIRECTION('',(0.,0.,1.));
#1100=DIRECTION('',(0.,0.,1.));
#1101=DIRECTION('',(1.,0.,0.));
#1102=DIRECTION('',(0.,0.,1.));
#1103=DIRECTION('',(0.,0.,-1.));
#1104=DIRECTION('',(1.,7.57008782691544E-17,0.));
#1105=DIRECTION('',(-7.57008782691544E-17,1.,0.));
#1106=DIRECTION('',(7.57008782691544E-17,-1.,0.));
#1107=DIRECTION('',(0.,0.,-1.));
#1108=DIRECTION('',(0.,1.,0.));
#1109=DIRECTION('',(0.,0.,1.));
#1110=DIRECTION('',(1.,0.,0.));
#1111=DIRECTION('',(0.,0.,-1.));
#1112=DIRECTION('',(1.,0.,0.));
#1113=DIRECTION('',(0.,0.,-1.));
#1114=DIRECTION('',(0.,-1.,0.));
#1115=DIRECTION('',(0.,0.,-1.));
#1116=DIRECTION('',(-1.,0.,0.));
#1117=DIRECTION('',(0.,0.,1.));
#1118=DIRECTION('',(1.,0.,0.));
#1119=DIRECTION('',(0.,0.,-1.));
#1120=DIRECTION('',(-1.,0.,0.));
#1121=DIRECTION('',(0.,0.,1.));
#1122=DIRECTION('',(1.,0.,0.));
#1123=DIRECTION('',(0.,0.,-1.));
#1124=DIRECTION('',(-1.,0.,0.));
#1125=DIRECTION('',(0.,0.,1.));
#1126=DIRECTION('',(1.,0.,0.));
#1127=DIRECTION('',(0.,0.,-1.));
#1128=DIRECTION('',(-1.,0.,0.));
#1129=DIRECTION('',(0.,0.,1.));
#1130=DIRECTION('',(1.,0.,0.));
#1131=DIRECTION('',(1.,0.,0.));
#1132=DIRECTION('',(0.,0.,-1.));
#1133=DIRECTION('',(0.,0.,-1.));
#1134=DIRECTION('',(0.,-1.,0.));
#1135=DIRECTION('',(0.,0.,1.));
#1136=DIRECTION('',(0.,0.,1.));
#1137=DIRECTION('',(1.,0.,0.));
#1138=DIRECTION('',(-0.707106781186548,-0.707106781186548,0.));
#1139=DIRECTION('',(0.707106781186547,-0.707106781186549,0.));
#1140=DIRECTION('',(0.707106781186548,0.707106781186547,0.));
#1141=DIRECTION('',(-0.70710678118655,0.707106781186545,0.));
#1142=DIRECTION('',(0.,0.,1.));
#1143=DIRECTION('',(1.,0.,0.));
#1144=DIRECTION('',(-1.,0.,0.));
#1145=DIRECTION('',(0.,0.,1.));
#1146=DIRECTION('',(0.,-1.,0.));
#1147=DIRECTION('',(-1.,0.,0.));
#1148=DIRECTION('',(0.,0.,1.));
#1149=DIRECTION('',(0.,-1.,0.));
#1150=DIRECTION('',(0.,0.,1.));
#1151=DIRECTION('',(1.,0.,0.));
#1152=DIRECTION('',(0.707106781186548,-0.707106781186548,0.));
#1153=DIRECTION('',(0.,0.,1.));
#1154=DIRECTION('',(0.707106781186549,0.707106781186547,0.));
#1155=DIRECTION('',(0.,0.,-1.));
#1156=DIRECTION('',(-0.707106781186545,-0.70710678118655,0.));
#1157=DIRECTION('',(0.,0.,-1.));
#1158=DIRECTION('',(-0.707106781186547,0.707106781186548,0.));
#1159=DIRECTION('',(0.,0.,1.));
#1160=DIRECTION('',(0.,0.,1.));
#1161=DIRECTION('',(1.,0.,0.));
#1162=DIRECTION('',(0.,0.,-1.));
#1163=DIRECTION('',(-1.,0.,0.));
#1164=DIRECTION('',(0.,0.,1.));
#1165=DIRECTION('',(1.,0.,0.));
#1166=DIRECTION('',(0.,0.,1.));
#1167=DIRECTION('',(1.,0.,0.));
#1168=DIRECTION('',(0.,0.,-1.));
#1169=DIRECTION('',(-1.,0.,0.));
#1170=DIRECTION('',(0.,0.,1.));
#1171=DIRECTION('',(1.,0.,0.));
#1172=DIRECTION('',(0.,0.,1.));
#1173=DIRECTION('',(1.,0.,0.));
#1174=DIRECTION('',(0.,0.,1.));
#1175=DIRECTION('',(1.,0.,0.));
#1176=DIRECTION('',(0.,0.,1.));
#1177=DIRECTION('',(1.,0.,0.));
#1178=DIRECTION('',(0.,0.,1.));
#1179=DIRECTION('',(1.,0.,0.));
#1180=DIRECTION('',(0.,0.,1.));
#1181=DIRECTION('',(1.,0.,0.));
#1182=DIRECTION('',(0.,0.,1.));
#1183=DIRECTION('',(1.,0.,0.));
#1184=DIRECTION('',(0.,0.,1.));
#1185=DIRECTION('',(1.,0.,0.));
#1186=DIRECTION('',(0.,0.,1.));
#1187=DIRECTION('',(1.,0.,0.));
#1188=DIRECTION('',(0.,0.,1.));
#1189=DIRECTION('',(1.,0.,0.));
#1190=DIRECTION('',(0.,0.,1.));
#1191=DIRECTION('',(1.,0.,0.));
#1192=DIRECTION('',(0.,0.,1.));
#1193=DIRECTION('',(1.,0.,0.));
#1194=DIRECTION('',(0.,0.,1.));
#1195=DIRECTION('',(1.,0.,0.));
#1196=DIRECTION('',(0.,0.,1.));
#1197=DIRECTION('',(1.,0.,0.));
#1198=DIRECTION('',(0.,0.,-1.));
#1199=DIRECTION('',(-1.,0.,0.));
#1200=DIRECTION('',(0.,0.,1.));
#1201=DIRECTION('',(1.,0.,0.));
#1202=DIRECTION('',(0.,0.,1.));
#1203=DIRECTION('',(1.,0.,0.));
#1204=DIRECTION('',(0.,0.,-1.));
#1205=DIRECTION('',(-1.,0.,0.));
#1206=DIRECTION('',(0.,0.,1.));
#1207=DIRECTION('',(1.,0.,0.));
#1208=DIRECTION('',(0.,0.,1.));
#1209=DIRECTION('',(1.,0.,0.));
#1210=DIRECTION('',(0.,0.,1.));
#1211=DIRECTION('',(1.,0.,0.));
#1212=DIRECTION('',(0.,0.,1.));
#1213=DIRECTION('',(1.,0.,0.));
#1214=DIRECTION('',(0.,0.,1.));
#1215=DIRECTION('',(1.,0.,0.));
#1216=DIRECTION('',(0.,0.,1.));
#1217=DIRECTION('',(1.,0.,0.));
#1218=DIRECTION('',(0.,0.,1.));
#1219=DIRECTION('',(1.,0.,0.));
#1220=DIRECTION('',(0.,0.,1.));
#1221=DIRECTION('',(1.,0.,0.));
#1222=DIRECTION('',(0.,0.,1.));
#1223=DIRECTION('',(1.,0.,0.));
#1224=DIRECTION('',(0.,0.,1.));
#1225=DIRECTION('',(1.,0.,0.));
#1226=DIRECTION('',(0.,0.,1.));
#1227=DIRECTION('',(1.,0.,0.));
#1228=DIRECTION('',(0.,0.,1.));
#1229=DIRECTION('',(1.,0.,0.));
#1230=DIRECTION('',(0.,0.,1.));
#1231=DIRECTION('',(1.,0.,0.));
#1232=DIRECTION('',(0.,0.,1.));
#1233=DIRECTION('',(1.,0.,0.));
#1234=DIRECTION('',(0.,0.,-1.));
#1235=DIRECTION('',(-1.,0.,0.));
#1236=DIRECTION('',(0.,0.,1.));
#1237=DIRECTION('',(1.,0.,0.));
#1238=DIRECTION('',(0.,0.,1.));
#1239=DIRECTION('',(1.,0.,0.));
#1240=DIRECTION('',(0.,0.,-1.));
#1241=DIRECTION('',(-1.,0.,0.));
#1242=DIRECTION('',(0.,0.,1.));
#1243=DIRECTION('',(1.,0.,0.));
#1244=DIRECTION('',(0.,0.,1.));
#1245=DIRECTION('',(1.,0.,0.));
#1246=DIRECTION('',(0.,0.,1.));
#1247=DIRECTION('',(1.,0.,0.));
#1248=DIRECTION('',(0.,0.,1.));
#1249=DIRECTION('',(1.,0.,0.));
#1250=DIRECTION('',(0.,0.,1.));
#1251=DIRECTION('',(1.,0.,0.));
#1252=DIRECTION('',(0.,0.,1.));
#1253=DIRECTION('',(1.,0.,0.));
#1254=DIRECTION('',(0.,0.,1.));
#1255=DIRECTION('',(1.,0.,0.));
#1256=DIRECTION('',(0.,0.,1.));
#1257=DIRECTION('',(1.,0.,0.));
#1258=DIRECTION('',(0.,0.,1.));
#1259=DIRECTION('',(1.,0.,0.));
#1260=DIRECTION('',(0.,0.,1.));
#1261=DIRECTION('',(1.,0.,0.));
#1262=DIRECTION('',(0.,0.,1.));
#1263=DIRECTION('',(1.,0.,0.));
#1264=DIRECTION('',(0.,0.,1.));
#1265=DIRECTION('',(1.,0.,0.));
#1266=DIRECTION('',(0.,0.,1.));
#1267=DIRECTION('',(1.,0.,0.));
#1268=CARTESIAN_POINT('',(0.,0.,0.));
#1269=CARTESIAN_POINT('',(0.08077,-0.060831,0.011));
#1270=CARTESIAN_POINT('',(0.08077,-0.060831,0.011));
#1271=CARTESIAN_POINT('',(0.08247,-0.060831,0.011));
#1272=CARTESIAN_POINT('',(0.08077,-0.060831,0.));
#1273=CARTESIAN_POINT('',(0.08247,-0.060831,0.));
#1274=CARTESIAN_POINT('',(0.08077,-0.060831,0.011));
#1275=CARTESIAN_POINT('',(0.08077,-0.060831,0.011));
#1276=CARTESIAN_POINT('',(0.08377,-0.060831,0.011));
#1277=CARTESIAN_POINT('',(0.08077,-0.060831,0.));
#1278=CARTESIAN_POINT('',(0.08377,-0.060831,0.));
#1279=CARTESIAN_POINT('',(0.042885,-0.0329155,0.011));
#1280=CARTESIAN_POINT('',(0.042885,-0.0329155,0.));
#1281=CARTESIAN_POINT('',(0.,0.,0.));
#1282=CARTESIAN_POINT('',(0.00500000000000009,-0.060831,-0.003));
#1283=CARTESIAN_POINT('',(0.00500000000000009,-0.060831,-0.003));
#1284=CARTESIAN_POINT('',(0.00670000000000009,-0.060831,-0.003));
#1285=CARTESIAN_POINT('',(0.00500000000000009,-0.060831,0.));
#1286=CARTESIAN_POINT('',(0.00670000000000009,-0.060831,0.));
#1287=CARTESIAN_POINT('',(0.00500000000000009,-0.060831,-0.003));
#1288=CARTESIAN_POINT('',(0.00500000000000009,-0.060831,-0.003));
#1289=CARTESIAN_POINT('',(0.00800000000000009,-0.060831,-0.003));
#1290=CARTESIAN_POINT('',(0.00500000000000009,-0.060831,0.));
#1291=CARTESIAN_POINT('',(0.00800000000000009,-0.060831,0.));
#1292=CARTESIAN_POINT('',(0.042885,-0.0329155,-0.003));
#1293=CARTESIAN_POINT('',(0.042885,-0.0329155,0.));
#1294=CARTESIAN_POINT('',(0.,0.,0.));
#1295=CARTESIAN_POINT('',(0.042885,-0.0329155,0.011));
#1296=CARTESIAN_POINT('',(0.00500000000000009,-0.060831,0.011));
#1297=CARTESIAN_POINT('',(0.00800000000000009,-0.060831,0.011));
#1298=CARTESIAN_POINT('',(0.08077,-0.060831,0.011));
#1299=CARTESIAN_POINT('',(0.08377,-0.060831,0.011));
#1300=CARTESIAN_POINT('',(0.08077,-0.005,0.011));
#1301=CARTESIAN_POINT('',(0.08377,-0.005,0.011));
#1302=CARTESIAN_POINT('',(0.00500000000000007,-0.005,0.011));
#1303=CARTESIAN_POINT('',(0.00800000000000007,-0.005,0.011));
#1304=CARTESIAN_POINT('',(0.042885,-0.065831,0.011));
#1305=CARTESIAN_POINT('',(0.073277,-0.065831,0.011));
#1306=CARTESIAN_POINT('',(0.08377,-0.065831,0.011));
#1307=CARTESIAN_POINT('',(0.07978525,-0.06981575,0.011));
#1308=CARTESIAN_POINT('',(0.08577,-0.063831,0.011));
#1309=CARTESIAN_POINT('',(0.08577,-0.0329155,0.011));
#1310=CARTESIAN_POINT('',(0.08577,-0.002,0.011));
#1311=CARTESIAN_POINT('',(0.07978525,0.00398475000000011,0.011));
#1312=CARTESIAN_POINT('',(0.08377,0.,0.011));
#1313=CARTESIAN_POINT('',(0.042885,0.,0.011));
#1314=CARTESIAN_POINT('',(0.00200000000000009,0.,0.011));
#1315=CARTESIAN_POINT('',(0.00598475000000013,0.00398475,0.011));
#1316=CARTESIAN_POINT('',(7.9144313549536E-17,-0.002,0.011));
#1317=CARTESIAN_POINT('',(8.1037341955488E-17,-0.0329155,0.011));
#1318=CARTESIAN_POINT('',(8.293037036144E-17,-0.063831,0.011));
#1319=CARTESIAN_POINT('',(0.00598475,-0.06981575,0.011));
#1320=CARTESIAN_POINT('',(0.00200000000000008,-0.065831,0.011));
#1321=CARTESIAN_POINT('',(0.042885,-0.065831,0.011));
#1322=CARTESIAN_POINT('',(0.054777,-0.065831,0.011));
#1323=CARTESIAN_POINT('',(0.054777,-0.060831,0.011));
#1324=CARTESIAN_POINT('',(0.054777,-0.055831,0.011));
#1325=CARTESIAN_POINT('',(0.042885,-0.055831,0.011));
#1326=CARTESIAN_POINT('',(0.01,-0.055831,0.011));
#1327=CARTESIAN_POINT('',(0.01,-0.0329155,0.011));
#1328=CARTESIAN_POINT('',(0.01,-0.01,0.011));
#1329=CARTESIAN_POINT('',(0.042885,-0.01,0.011));
#1330=CARTESIAN_POINT('',(0.07577,-0.01,0.011));
#1331=CARTESIAN_POINT('',(0.07577,-0.0329155,0.011));
#1332=CARTESIAN_POINT('',(0.07577,-0.055831,0.011));
#1333=CARTESIAN_POINT('',(0.042885,-0.055831,0.011));
#1334=CARTESIAN_POINT('',(0.073277,-0.055831,0.011));
#1335=CARTESIAN_POINT('',(0.073277,-0.060831,0.011));
#1336=CARTESIAN_POINT('',(0.042885,-0.055831,0.011));
#1337=CARTESIAN_POINT('',(0.042885,-0.055831,0.0035));
#1338=CARTESIAN_POINT('',(0.054777,-0.055831,0.0035));
#1339=CARTESIAN_POINT('',(0.073277,-0.055831,0.0035));
#1340=CARTESIAN_POINT('',(0.073277,-0.055831,0.0035));
#1341=CARTESIAN_POINT('',(0.07577,-0.055831,0.011));
#1342=CARTESIAN_POINT('',(0.07577,-0.055831,0.003));
#1343=CARTESIAN_POINT('',(0.042885,-0.055831,0.003));
#1344=CARTESIAN_POINT('',(0.01,-0.055831,0.003));
#1345=CARTESIAN_POINT('',(0.01,-0.055831,0.011));
#1346=CARTESIAN_POINT('',(0.054777,-0.055831,0.0035));
#1347=CARTESIAN_POINT('',(0.042885,0.,0.011));
#1348=CARTESIAN_POINT('',(0.08377,0.,0.011));
#1349=CARTESIAN_POINT('',(0.08377,0.,0.));
#1350=CARTESIAN_POINT('',(0.042885,0.,0.));
#1351=CARTESIAN_POINT('',(0.00200000000000009,0.,0.));
#1352=CARTESIAN_POINT('',(0.00200000000000009,0.,0.011));
#1353=CARTESIAN_POINT('',(8.1037341955488E-17,-0.0329155,0.011));
#1354=CARTESIAN_POINT('',(8.1037341955488E-17,-0.0329155,0.));
#1355=CARTESIAN_POINT('',(7.9144313549536E-17,-0.002,0.));
#1356=CARTESIAN_POINT('',(8.293037036144E-17,-0.063831,0.));
#1357=CARTESIAN_POINT('',(8.293037036144E-17,-0.063831,0.011));
#1358=CARTESIAN_POINT('',(7.9144313549536E-17,-0.002,0.));
#1359=CARTESIAN_POINT('',(0.042885,-0.065831,0.011));
#1360=CARTESIAN_POINT('',(0.042885,-0.065831,0.));
#1361=CARTESIAN_POINT('',(0.00200000000000008,-0.065831,0.));
#1362=CARTESIAN_POINT('',(0.08377,-0.065831,0.));
#1363=CARTESIAN_POINT('',(0.08377,-0.065831,0.011));
#1364=CARTESIAN_POINT('',(0.073277,-0.065831,0.0035));
#1365=CARTESIAN_POINT('',(0.073277,-0.065831,0.0035));
#1366=CARTESIAN_POINT('',(0.042885,-0.065831,0.0035));
#1367=CARTESIAN_POINT('',(0.054777,-0.065831,0.0035));
#1368=CARTESIAN_POINT('',(0.054777,-0.065831,0.0035));
#1369=CARTESIAN_POINT('',(0.00200000000000008,-0.065831,0.011));
#1370=CARTESIAN_POINT('',(0.01,-0.0329155,0.011));
#1371=CARTESIAN_POINT('',(0.01,-0.0329155,0.003));
#1372=CARTESIAN_POINT('',(0.01,-0.01,0.003));
#1373=CARTESIAN_POINT('',(0.01,-0.01,0.011));
#1374=CARTESIAN_POINT('',(0.042885,-0.01,0.011));
#1375=CARTESIAN_POINT('',(0.042885,-0.01,0.003));
#1376=CARTESIAN_POINT('',(0.07577,-0.01,0.003));
#1377=CARTESIAN_POINT('',(0.07577,-0.01,0.011));
#1378=CARTESIAN_POINT('',(0.07577,-0.0329155,0.011));
#1379=CARTESIAN_POINT('',(0.07577,-0.0329155,0.003));
#1380=CARTESIAN_POINT('',(0.00500000000000007,-0.005,0.011));
#1381=CARTESIAN_POINT('',(0.00500000000000007,-0.005,0.));
#1382=CARTESIAN_POINT('',(0.00800000000000007,-0.005,0.));
#1383=CARTESIAN_POINT('',(0.08077,-0.005,0.011));
#1384=CARTESIAN_POINT('',(0.08077,-0.005,0.));
#1385=CARTESIAN_POINT('',(0.08377,-0.005,0.));
#1386=CARTESIAN_POINT('',(0.08077,-0.060831,0.011));
#1387=CARTESIAN_POINT('',(0.08077,-0.060831,0.));
#1388=CARTESIAN_POINT('',(0.08377,-0.060831,0.));
#1389=CARTESIAN_POINT('',(0.00500000000000009,-0.060831,0.011));
#1390=CARTESIAN_POINT('',(0.00500000000000009,-0.060831,0.));
#1391=CARTESIAN_POINT('',(0.00800000000000009,-0.060831,0.));
#1392=CARTESIAN_POINT('',(0.08577,-0.0329155,0.011));
#1393=CARTESIAN_POINT('',(0.08577,-0.063831,0.));
#1394=CARTESIAN_POINT('',(0.08577,-0.063831,0.));
#1395=CARTESIAN_POINT('',(0.08577,-0.0329155,0.));
#1396=CARTESIAN_POINT('',(0.08577,-0.002,0.));
#1397=CARTESIAN_POINT('',(0.08577,-0.002,0.011));
#1398=CARTESIAN_POINT('',(0.042885,-0.0329155,0.));
#1399=CARTESIAN_POINT('',(0.08577,-0.063831,0.));
#1400=CARTESIAN_POINT('',(0.00200000000000008,-0.065831,0.));
#1401=CARTESIAN_POINT('',(7.9144313549536E-17,-0.002,0.));
#1402=CARTESIAN_POINT('',(0.08377,0.,0.));
#1403=CARTESIAN_POINT('',(0.042885,-0.0329155,0.003));
#1404=CARTESIAN_POINT('',(0.073277,-0.060831,0.0035));
#1405=CARTESIAN_POINT('',(0.073277,-0.060831,0.0035));
#1406=CARTESIAN_POINT('',(0.054777,-0.060831,0.0035));
#1407=CARTESIAN_POINT('',(0.054777,-0.060831,0.0035));
#1408=CARTESIAN_POINT('',(0.042885,-0.0329155,0.0035));
#1409=CARTESIAN_POINT('',(0.08577,-0.063831,0.011));
#1410=CARTESIAN_POINT('',(0.00200000000000008,-0.065831,0.011));
#1411=CARTESIAN_POINT('',(0.08377,0.,0.011));
#1412=CARTESIAN_POINT('',(7.9144313549536E-17,-0.002,0.011));
#1413=CARTESIAN_POINT('',(0.,0.,0.));
#1414=CARTESIAN_POINT('',(0.00500000000000009,-0.060831,0.011));
#1415=CARTESIAN_POINT('',(0.00500000000000009,-0.060831,0.011));
#1416=CARTESIAN_POINT('',(0.00670000000000009,-0.060831,0.011));
#1417=CARTESIAN_POINT('',(0.00500000000000009,-0.060831,0.));
#1418=CARTESIAN_POINT('',(0.00670000000000009,-0.060831,0.));
#1419=CARTESIAN_POINT('',(0.00500000000000009,-0.060831,0.011));
#1420=CARTESIAN_POINT('',(0.00500000000000009,-0.060831,0.011));
#1421=CARTESIAN_POINT('',(0.00800000000000009,-0.060831,0.011));
#1422=CARTESIAN_POINT('',(0.00500000000000009,-0.060831,0.));
#1423=CARTESIAN_POINT('',(0.00800000000000009,-0.060831,0.));
#1424=CARTESIAN_POINT('',(0.042885,-0.0329155,0.011));
#1425=CARTESIAN_POINT('',(0.042885,-0.0329155,0.));
#1426=CARTESIAN_POINT('',(0.,0.,0.));
#1427=CARTESIAN_POINT('',(0.00500000000000007,-0.005,-0.003));
#1428=CARTESIAN_POINT('',(0.00500000000000007,-0.005,-0.003));
#1429=CARTESIAN_POINT('',(0.00670000000000007,-0.005,-0.003));
#1430=CARTESIAN_POINT('',(0.00500000000000007,-0.005,0.));
#1431=CARTESIAN_POINT('',(0.00670000000000007,-0.005,0.));
#1432=CARTESIAN_POINT('',(0.00500000000000007,-0.005,-0.003));
#1433=CARTESIAN_POINT('',(0.00500000000000007,-0.005,-0.003));
#1434=CARTESIAN_POINT('',(0.00800000000000007,-0.005,-0.003));
#1435=CARTESIAN_POINT('',(0.00500000000000007,-0.005,0.));
#1436=CARTESIAN_POINT('',(0.00800000000000007,-0.005,0.));
#1437=CARTESIAN_POINT('',(0.042885,-0.0329155,-0.003));
#1438=CARTESIAN_POINT('',(0.042885,-0.0329155,0.));
#1439=CARTESIAN_POINT('',(0.,0.,0.));
#1440=CARTESIAN_POINT('',(0.00500000000000007,-0.005,0.011));
#1441=CARTESIAN_POINT('',(0.00500000000000007,-0.005,0.011));
#1442=CARTESIAN_POINT('',(0.00670000000000007,-0.005,0.011));
#1443=CARTESIAN_POINT('',(0.00500000000000007,-0.005,0.));
#1444=CARTESIAN_POINT('',(0.00670000000000007,-0.005,0.));
#1445=CARTESIAN_POINT('',(0.00500000000000007,-0.005,0.011));
#1446=CARTESIAN_POINT('',(0.00500000000000007,-0.005,0.011));
#1447=CARTESIAN_POINT('',(0.00800000000000007,-0.005,0.011));
#1448=CARTESIAN_POINT('',(0.00500000000000007,-0.005,0.));
#1449=CARTESIAN_POINT('',(0.00800000000000007,-0.005,0.));
#1450=CARTESIAN_POINT('',(0.042885,-0.0329155,0.011));
#1451=CARTESIAN_POINT('',(0.042885,-0.0329155,0.));
#1452=CARTESIAN_POINT('',(0.,0.,0.));
#1453=CARTESIAN_POINT('',(0.08077,-0.005,-0.003));
#1454=CARTESIAN_POINT('',(0.08077,-0.005,-0.003));
#1455=CARTESIAN_POINT('',(0.08247,-0.005,-0.003));
#1456=CARTESIAN_POINT('',(0.08077,-0.005,0.));
#1457=CARTESIAN_POINT('',(0.08247,-0.005,0.));
#1458=CARTESIAN_POINT('',(0.08077,-0.005,-0.003));
#1459=CARTESIAN_POINT('',(0.08077,-0.005,-0.003));
#1460=CARTESIAN_POINT('',(0.08377,-0.005,-0.003));
#1461=CARTESIAN_POINT('',(0.08077,-0.005,0.));
#1462=CARTESIAN_POINT('',(0.08377,-0.005,0.));
#1463=CARTESIAN_POINT('',(0.042885,-0.0329155,-0.003));
#1464=CARTESIAN_POINT('',(0.042885,-0.0329155,0.));
#1465=CARTESIAN_POINT('',(0.,0.,0.));
#1466=CARTESIAN_POINT('',(0.08077,-0.005,0.011));
#1467=CARTESIAN_POINT('',(0.08077,-0.005,0.011));
#1468=CARTESIAN_POINT('',(0.08247,-0.005,0.011));
#1469=CARTESIAN_POINT('',(0.08077,-0.005,0.));
#1470=CARTESIAN_POINT('',(0.08247,-0.005,0.));
#1471=CARTESIAN_POINT('',(0.08077,-0.005,0.011));
#1472=CARTESIAN_POINT('',(0.08077,-0.005,0.011));
#1473=CARTESIAN_POINT('',(0.08377,-0.005,0.011));
#1474=CARTESIAN_POINT('',(0.08077,-0.005,0.));
#1475=CARTESIAN_POINT('',(0.08377,-0.005,0.));
#1476=CARTESIAN_POINT('',(0.042885,-0.0329155,0.011));
#1477=CARTESIAN_POINT('',(0.042885,-0.0329155,0.));
#1478=CARTESIAN_POINT('',(0.,0.,0.));
#1479=CARTESIAN_POINT('',(0.08077,-0.060831,-0.003));
#1480=CARTESIAN_POINT('',(0.08077,-0.060831,-0.003));
#1481=CARTESIAN_POINT('',(0.08247,-0.060831,-0.003));
#1482=CARTESIAN_POINT('',(0.08077,-0.060831,0.));
#1483=CARTESIAN_POINT('',(0.08247,-0.060831,0.));
#1484=CARTESIAN_POINT('',(0.08077,-0.060831,-0.003));
#1485=CARTESIAN_POINT('',(0.08077,-0.060831,-0.003));
#1486=CARTESIAN_POINT('',(0.08377,-0.060831,-0.003));
#1487=CARTESIAN_POINT('',(0.08077,-0.060831,0.));
#1488=CARTESIAN_POINT('',(0.08377,-0.060831,0.));
#1489=CARTESIAN_POINT('',(0.042885,-0.0329155,-0.003));
#1490=CARTESIAN_POINT('',(0.042885,-0.0329155,0.));
#1491=MECHANICAL_DESIGN_GEOMETRIC_PRESENTATION_REPRESENTATION('',(#813),#1500);
#1492=MECHANICAL_DESIGN_GEOMETRIC_PRESENTATION_REPRESENTATION('',(#814),#1501);
#1493=MECHANICAL_DESIGN_GEOMETRIC_PRESENTATION_REPRESENTATION('',(#815),#1502);
#1494=MECHANICAL_DESIGN_GEOMETRIC_PRESENTATION_REPRESENTATION('',(#816),#1503);
#1495=MECHANICAL_DESIGN_GEOMETRIC_PRESENTATION_REPRESENTATION('',(#817),#1504);
#1496=MECHANICAL_DESIGN_GEOMETRIC_PRESENTATION_REPRESENTATION('',(#818),#1505);
#1497=MECHANICAL_DESIGN_GEOMETRIC_PRESENTATION_REPRESENTATION('',(#819),#1506);
#1498=MECHANICAL_DESIGN_GEOMETRIC_PRESENTATION_REPRESENTATION('',(#820),#1507);
#1499=MECHANICAL_DESIGN_GEOMETRIC_PRESENTATION_REPRESENTATION('',(#821),#1508);
#1500=(
GEOMETRIC_REPRESENTATION_CONTEXT(3)
GLOBAL_UNCERTAINTY_ASSIGNED_CONTEXT((#1509))
GLOBAL_UNIT_ASSIGNED_CONTEXT((#1536,#1527,#1518))
REPRESENTATION_CONTEXT('Part 8','TOP_LEVEL_ASSEMBLY_PART')
);
#1501=(
GEOMETRIC_REPRESENTATION_CONTEXT(3)
GLOBAL_UNCERTAINTY_ASSIGNED_CONTEXT((#1510))
GLOBAL_UNIT_ASSIGNED_CONTEXT((#1537,#1528,#1519))
REPRESENTATION_CONTEXT('Part 4','TOP_LEVEL_ASSEMBLY_PART')
);
#1502=(
GEOMETRIC_REPRESENTATION_CONTEXT(3)
GLOBAL_UNCERTAINTY_ASSIGNED_CONTEXT((#1511))
GLOBAL_UNIT_ASSIGNED_CONTEXT((#1538,#1529,#1520))
REPRESENTATION_CONTEXT('Part 5','TOP_LEVEL_ASSEMBLY_PART')
);
#1503=(
GEOMETRIC_REPRESENTATION_CONTEXT(3)
GLOBAL_UNCERTAINTY_ASSIGNED_CONTEXT((#1512))
GLOBAL_UNIT_ASSIGNED_CONTEXT((#1539,#1530,#1521))
REPRESENTATION_CONTEXT('Part 9','TOP_LEVEL_ASSEMBLY_PART')
);
#1504=(
GEOMETRIC_REPRESENTATION_CONTEXT(3)
GLOBAL_UNCERTAINTY_ASSIGNED_CONTEXT((#1513))
GLOBAL_UNIT_ASSIGNED_CONTEXT((#1540,#1531,#1522))
REPRESENTATION_CONTEXT('Part 1','TOP_LEVEL_ASSEMBLY_PART')
);
#1505=(
GEOMETRIC_REPRESENTATION_CONTEXT(3)
GLOBAL_UNCERTAINTY_ASSIGNED_CONTEXT((#1514))
GLOBAL_UNIT_ASSIGNED_CONTEXT((#1541,#1532,#1523))
REPRESENTATION_CONTEXT('Part 6','TOP_LEVEL_ASSEMBLY_PART')
);
#1506=(
GEOMETRIC_REPRESENTATION_CONTEXT(3)
GLOBAL_UNCERTAINTY_ASSIGNED_CONTEXT((#1515))
GLOBAL_UNIT_ASSIGNED_CONTEXT((#1542,#1533,#1524))
REPRESENTATION_CONTEXT('Part 2','TOP_LEVEL_ASSEMBLY_PART')
);
#1507=(
GEOMETRIC_REPRESENTATION_CONTEXT(3)
GLOBAL_UNCERTAINTY_ASSIGNED_CONTEXT((#1516))
GLOBAL_UNIT_ASSIGNED_CONTEXT((#1543,#1534,#1525))
REPRESENTATION_CONTEXT('Part 7','TOP_LEVEL_ASSEMBLY_PART')
);
#1508=(
GEOMETRIC_REPRESENTATION_CONTEXT(3)
GLOBAL_UNCERTAINTY_ASSIGNED_CONTEXT((#1517))
GLOBAL_UNIT_ASSIGNED_CONTEXT((#1544,#1535,#1526))
REPRESENTATION_CONTEXT('Part 3','TOP_LEVEL_ASSEMBLY_PART')
);
#1509=UNCERTAINTY_MEASURE_WITH_UNIT(LENGTH_MEASURE(1.E-08),#1536,'DISTANCE_ACCURACY_VALUE','Maximum Tolerance applied to model');
#1510=UNCERTAINTY_MEASURE_WITH_UNIT(LENGTH_MEASURE(1.E-08),#1537,'DISTANCE_ACCURACY_VALUE','Maximum Tolerance applied to model');
#1511=UNCERTAINTY_MEASURE_WITH_UNIT(LENGTH_MEASURE(1.E-08),#1538,'DISTANCE_ACCURACY_VALUE','Maximum Tolerance applied to model');
#1512=UNCERTAINTY_MEASURE_WITH_UNIT(LENGTH_MEASURE(1.E-08),#1539,'DISTANCE_ACCURACY_VALUE','Maximum Tolerance applied to model');
#1513=UNCERTAINTY_MEASURE_WITH_UNIT(LENGTH_MEASURE(1.E-08),#1540,'DISTANCE_ACCURACY_VALUE','Maximum Tolerance applied to model');
#1514=UNCERTAINTY_MEASURE_WITH_UNIT(LENGTH_MEASURE(1.E-08),#1541,'DISTANCE_ACCURACY_VALUE','Maximum Tolerance applied to model');
#1515=UNCERTAINTY_MEASURE_WITH_UNIT(LENGTH_MEASURE(1.E-08),#1542,'DISTANCE_ACCURACY_VALUE','Maximum Tolerance applied to model');
#1516=UNCERTAINTY_MEASURE_WITH_UNIT(LENGTH_MEASURE(1.E-08),#1543,'DISTANCE_ACCURACY_VALUE','Maximum Tolerance applied to model');
#1517=UNCERTAINTY_MEASURE_WITH_UNIT(LENGTH_MEASURE(1.E-08),#1544,'DISTANCE_ACCURACY_VALUE','Maximum Tolerance applied to model');
#1518=(
NAMED_UNIT(*)
SI_UNIT($,.STERADIAN.)
SOLID_ANGLE_UNIT()
);
#1519=(
NAMED_UNIT(*)
SI_UNIT($,.STERADIAN.)
SOLID_ANGLE_UNIT()
);
#1520=(
NAMED_UNIT(*)
SI_UNIT($,.STERADIAN.)
SOLID_ANGLE_UNIT()
);
#1521=(
NAMED_UNIT(*)
SI_UNIT($,.STERADIAN.)
SOLID_ANGLE_UNIT()
);
#1522=(
NAMED_UNIT(*)
SI_UNIT($,.STERADIAN.)
SOLID_ANGLE_UNIT()
);
#1523=(
NAMED_UNIT(*)
SI_UNIT($,.STERADIAN.)
SOLID_ANGLE_UNIT()
);
#1524=(
NAMED_UNIT(*)
SI_UNIT($,.STERADIAN.)
SOLID_ANGLE_UNIT()
);
#1525=(
NAMED_UNIT(*)
SI_UNIT($,.STERADIAN.)
SOLID_ANGLE_UNIT()
);
#1526=(
NAMED_UNIT(*)
SI_UNIT($,.STERADIAN.)
SOLID_ANGLE_UNIT()
);
#1527=(
NAMED_UNIT(*)
PLANE_ANGLE_UNIT()
SI_UNIT($,.RADIAN.)
);
#1528=(
NAMED_UNIT(*)
PLANE_ANGLE_UNIT()
SI_UNIT($,.RADIAN.)
);
#1529=(
NAMED_UNIT(*)
PLANE_ANGLE_UNIT()
SI_UNIT($,.RADIAN.)
);
#1530=(
NAMED_UNIT(*)
PLANE_ANGLE_UNIT()
SI_UNIT($,.RADIAN.)
);
#1531=(
NAMED_UNIT(*)
PLANE_ANGLE_UNIT()
SI_UNIT($,.RADIAN.)
);
#1532=(
NAMED_UNIT(*)
PLANE_ANGLE_UNIT()
SI_UNIT($,.RADIAN.)
);
#1533=(
NAMED_UNIT(*)
PLANE_ANGLE_UNIT()
SI_UNIT($,.RADIAN.)
);
#1534=(
NAMED_UNIT(*)
PLANE_ANGLE_UNIT()
SI_UNIT($,.RADIAN.)
);
#1535=(
NAMED_UNIT(*)
PLANE_ANGLE_UNIT()
SI_UNIT($,.RADIAN.)
);
#1536=(
LENGTH_UNIT()
NAMED_UNIT(*)
SI_UNIT($,.METRE.)
);
#1537=(
LENGTH_UNIT()
NAMED_UNIT(*)
SI_UNIT($,.METRE.)
);
#1538=(
LENGTH_UNIT()
NAMED_UNIT(*)
SI_UNIT($,.METRE.)
);
#1539=(
LENGTH_UNIT()
NAMED_UNIT(*)
SI_UNIT($,.METRE.)
);
#1540=(
LENGTH_UNIT()
NAMED_UNIT(*)
SI_UNIT($,.METRE.)
);
#1541=(
LENGTH_UNIT()
NAMED_UNIT(*)
SI_UNIT($,.METRE.)
);
#1542=(
LENGTH_UNIT()
NAMED_UNIT(*)
SI_UNIT($,.METRE.)
);
#1543=(
LENGTH_UNIT()
NAMED_UNIT(*)
SI_UNIT($,.METRE.)
);
#1544=(
LENGTH_UNIT()
NAMED_UNIT(*)
SI_UNIT($,.METRE.)
);
#1545=PRODUCT_DEFINITION_SHAPE('','',#1554);
#1546=PRODUCT_DEFINITION_SHAPE('','',#1555);
#1547=PRODUCT_DEFINITION_SHAPE('','',#1556);
#1548=PRODUCT_DEFINITION_SHAPE('','',#1557);
#1549=PRODUCT_DEFINITION_SHAPE('','',#1558);
#1550=PRODUCT_DEFINITION_SHAPE('','',#1559);
#1551=PRODUCT_DEFINITION_SHAPE('','',#1560);
#1552=PRODUCT_DEFINITION_SHAPE('','',#1561);
#1553=PRODUCT_DEFINITION_SHAPE('','',#1562);
#1554=PRODUCT_DEFINITION('','',#1572,#1563);
#1555=PRODUCT_DEFINITION('','',#1573,#1564);
#1556=PRODUCT_DEFINITION('','',#1574,#1565);
#1557=PRODUCT_DEFINITION('','',#1575,#1566);
#1558=PRODUCT_DEFINITION('','',#1576,#1567);
#1559=PRODUCT_DEFINITION('','',#1577,#1568);
#1560=PRODUCT_DEFINITION('','',#1578,#1569);
#1561=PRODUCT_DEFINITION('','',#1579,#1570);
#1562=PRODUCT_DEFINITION('','',#1580,#1571);
#1563=PRODUCT_DEFINITION_CONTEXT('',#1626,'design');
#1564=PRODUCT_DEFINITION_CONTEXT('',#1627,'design');
#1565=PRODUCT_DEFINITION_CONTEXT('',#1628,'design');
#1566=PRODUCT_DEFINITION_CONTEXT('',#1629,'design');
#1567=PRODUCT_DEFINITION_CONTEXT('',#1630,'design');
#1568=PRODUCT_DEFINITION_CONTEXT('',#1631,'design');
#1569=PRODUCT_DEFINITION_CONTEXT('',#1632,'design');
#1570=PRODUCT_DEFINITION_CONTEXT('',#1633,'design');
#1571=PRODUCT_DEFINITION_CONTEXT('',#1634,'design');
#1572=PRODUCT_DEFINITION_FORMATION_WITH_SPECIFIED_SOURCE('','',#1590,.NOT_KNOWN.);
#1573=PRODUCT_DEFINITION_FORMATION_WITH_SPECIFIED_SOURCE('','',#1591,.NOT_KNOWN.);
#1574=PRODUCT_DEFINITION_FORMATION_WITH_SPECIFIED_SOURCE('','',#1592,.NOT_KNOWN.);
#1575=PRODUCT_DEFINITION_FORMATION_WITH_SPECIFIED_SOURCE('','',#1593,.NOT_KNOWN.);
#1576=PRODUCT_DEFINITION_FORMATION_WITH_SPECIFIED_SOURCE('','',#1594,.NOT_KNOWN.);
#1577=PRODUCT_DEFINITION_FORMATION_WITH_SPECIFIED_SOURCE('','',#1595,.NOT_KNOWN.);
#1578=PRODUCT_DEFINITION_FORMATION_WITH_SPECIFIED_SOURCE('','',#1596,.NOT_KNOWN.);
#1579=PRODUCT_DEFINITION_FORMATION_WITH_SPECIFIED_SOURCE('','',#1597,.NOT_KNOWN.);
#1580=PRODUCT_DEFINITION_FORMATION_WITH_SPECIFIED_SOURCE('','',#1598,.NOT_KNOWN.);
#1581=PRODUCT_RELATED_PRODUCT_CATEGORY('','',(#1590));
#1582=PRODUCT_RELATED_PRODUCT_CATEGORY('','',(#1591));
#1583=PRODUCT_RELATED_PRODUCT_CATEGORY('','',(#1592));
#1584=PRODUCT_RELATED_PRODUCT_CATEGORY('','',(#1593));
#1585=PRODUCT_RELATED_PRODUCT_CATEGORY('','',(#1594));
#1586=PRODUCT_RELATED_PRODUCT_CATEGORY('','',(#1595));
#1587=PRODUCT_RELATED_PRODUCT_CATEGORY('','',(#1596));
#1588=PRODUCT_RELATED_PRODUCT_CATEGORY('','',(#1597));
#1589=PRODUCT_RELATED_PRODUCT_CATEGORY('','',(#1598));
#1590=PRODUCT('Part 8','Part 8','Part 8',(#1608));
#1591=PRODUCT('Part 4','Part 4','Part 4',(#1609));
#1592=PRODUCT('Part 5','Part 5','Part 5',(#1610));
#1593=PRODUCT('Part 9','Part 9','Part 9',(#1611));
#1594=PRODUCT('Part 1','Part 1','Part 1',(#1612));
#1595=PRODUCT('Part 6','Part 6','Part 6',(#1613));
#1596=PRODUCT('Part 2','Part 2','Part 2',(#1614));
#1597=PRODUCT('Part 7','Part 7','Part 7',(#1615));
#1598=PRODUCT('Part 3','Part 3','Part 3',(#1616));
#1599=PRODUCT_CATEGORY('','');
#1600=PRODUCT_CATEGORY('','');
#1601=PRODUCT_CATEGORY('','');
#1602=PRODUCT_CATEGORY('','');
#1603=PRODUCT_CATEGORY('','');
#1604=PRODUCT_CATEGORY('','');
#1605=PRODUCT_CATEGORY('','');
#1606=PRODUCT_CATEGORY('','');
#1607=PRODUCT_CATEGORY('','');
#1608=PRODUCT_CONTEXT('',#1626,'mechanical');
#1609=PRODUCT_CONTEXT('',#1627,'mechanical');
#1610=PRODUCT_CONTEXT('',#1628,'mechanical');
#1611=PRODUCT_CONTEXT('',#1629,'mechanical');
#1612=PRODUCT_CONTEXT('',#1630,'mechanical');
#1613=PRODUCT_CONTEXT('',#1631,'mechanical');
#1614=PRODUCT_CONTEXT('',#1632,'mechanical');
#1615=PRODUCT_CONTEXT('',#1633,'mechanical');
#1616=PRODUCT_CONTEXT('',#1634,'mechanical');
#1617=APPLICATION_PROTOCOL_DEFINITION('international standard','ap242_managed_model_based_3d_engineering',2020,#1626);
#1618=APPLICATION_PROTOCOL_DEFINITION('international standard','ap242_managed_model_based_3d_engineering',2020,#1627);
#1619=APPLICATION_PROTOCOL_DEFINITION('international standard','ap242_managed_model_based_3d_engineering',2020,#1628);
#1620=APPLICATION_PROTOCOL_DEFINITION('international standard','ap242_managed_model_based_3d_engineering',2020,#1629);
#1621=APPLICATION_PROTOCOL_DEFINITION('international standard','ap242_managed_model_based_3d_engineering',2020,#1630);
#1622=APPLICATION_PROTOCOL_DEFINITION('international standard','ap242_managed_model_based_3d_engineering',2020,#1631);
#1623=APPLICATION_PROTOCOL_DEFINITION('international standard','ap242_managed_model_based_3d_engineering',2020,#1632);
#1624=APPLICATION_PROTOCOL_DEFINITION('international standard','ap242_managed_model_based_3d_engineering',2020,#1633);
#1625=APPLICATION_PROTOCOL_DEFINITION('international standard','ap242_managed_model_based_3d_engineering',2020,#1634);
#1626=APPLICATION_CONTEXT('managed model based 3d engineering');
#1627=APPLICATION_CONTEXT('managed model based 3d engineering');
#1628=APPLICATION_CONTEXT('managed model based 3d engineering');
#1629=APPLICATION_CONTEXT('managed model based 3d engineering');
#1630=APPLICATION_CONTEXT('managed model based 3d engineering');
#1631=APPLICATION_CONTEXT('managed model based 3d engineering');
#1632=APPLICATION_CONTEXT('managed model based 3d engineering');
#1633=APPLICATION_CONTEXT('managed model based 3d engineering');
#1634=APPLICATION_CONTEXT('managed model based 3d engineering');
#1635=SHAPE_ASPECT('AXIS_DISTANCE.FrhLyK6TMCMJXWt_0',$,#1547,.T.);
#1636=GEOMETRIC_ITEM_SPECIFIC_USAGE('','',#1635,#117,#768);
#1637=SHAPE_ASPECT('AXIS_DISTANCE.FrhLyK6TMCMJXWt_0',$,#1547,.T.);
#1638=GEOMETRIC_ITEM_SPECIFIC_USAGE('','',#1637,#117,#762);
#1639=DIMENSIONAL_LOCATION('linear distance centre','AXIS_DISTANCE.FrhLyK6TMCMJXWt_0',#1635,#1637);
#1642=(
LENGTH_UNIT()
NAMED_UNIT(*)
SI_UNIT($,.METRE.)
);
#1643=LENGTH_MEASURE_WITH_UNIT(LENGTH_MEASURE(39.3700787401575),#1642);
#1641=(
CONVERSION_BASED_UNIT('INCH',#1643)
LENGTH_UNIT()
NAMED_UNIT($)
);
#1644=PRECISION_QUALIFIER(3);
#1640=(
LENGTH_MEASURE_WITH_UNIT()
MEASURE_REPRESENTATION_ITEM()
MEASURE_WITH_UNIT(POSITIVE_LENGTH_MEASURE(0.196850393700787),#1641)
QUALIFIED_REPRESENTATION_ITEM((#1644))
REPRESENTATION_ITEM('nominal value')
);
#1645=SHAPE_DIMENSION_REPRESENTATION('',(#1640),#1502);
#1646=DIMENSIONAL_CHARACTERISTIC_REPRESENTATION(#1639,#1645);
#1647=PRESENTATION_STYLE_ASSIGNMENT((NULL_STYLE(.NULL.)));
#1648=CARTESIAN_POINT('',(0.0807700000000001,-0.060831,0.));
#1649=DIRECTION('',(0.,0.,-1.));
#1650=DIRECTION('',(0.,-1.,0.));
#1651=AXIS2_PLACEMENT_3D('',#1648,#1649,#1650);
#1652=PLANE('',#1651);
#1653=ANNOTATION_PLANE('',(#1647),#1652,(#1680));
#1654=CARTESIAN_POINT('',(0.,0.,0.));
#1655=DIRECTION('',(0.,0.,1.));
#1656=DIRECTION('',(1.,0.,0.));
#1657=AXIS2_PLACEMENT_3D('',#1654,#1655,#1656);
#1658=CARTESIAN_POINT('',(0.,0.,0.));
#1659=DIRECTION('',(0.,0.,1.));
#1660=DIRECTION('',(1.,0.,0.));
#1661=AXIS2_PLACEMENT_3D('',#1658,#1659,#1660);
#1662=SHAPE_REPRESENTATION('',(#1661,#886),#1502);
#1663=REPRESENTATION_MAP(#1657,#1662);
#1664=MAPPED_ITEM('',#1663,#1657);
#1665=PRESENTATION_STYLE_ASSIGNMENT((NULL_STYLE(.NULL.)));
#1666=STYLED_ITEM('',(#1665),#1664);
#1667=DRAUGHTING_MODEL('',(#1653,#1657,#1664,#1666),#1502);
#1668=DRAUGHTING_PRE_DEFINED_CURVE_FONT('continuous');
#1669=COLOUR_RGB('',0.,0.,0.);
#1670=CURVE_STYLE('',#1668,POSITIVE_LENGTH_MEASURE(0.02),#1669);
#1671=PRESENTATION_STYLE_ASSIGNMENT((#1670));
#1672=COORDINATES_LIST('coordinates',978,((0.0800629,-0.0629523,0.),(0.0807700,-0.0608310,0.),(0.0814771,-0.0629523,0.),(0.0814771,-0.0637097,0.),(0.0807700,-0.0658310,0.),(0.0800629,-0.0637097,0.),(0.0816617,-0.0598628,0.),(0.0815294,-0.0598681,0.),(0.0798392,-0.0598681,0.),(0.0816617,-0.0598628,0.),(0.0798392,-0.0598681,0.),(0.0797086,-0.0598628,0.),(0.0816617,-0.0598628,0.),(0.0797086,-0.0598628,0.),(0.0795839,-0.0598469,0.),(0.0816617,-0.0598628,0.),(0.0795839,-0.0598469,0.),(0.0794653,-0.0598204,0.),(0.0816617,-0.0598628,0.),(0.0794653,-0.0598204,0.),(0.0793526,-0.0597832,0.),(0.0816617,-0.0598628,0.),(0.0793526,-0.0597832,0.),(0.0792460,-0.0597354,0.),(0.0816617,-0.0598628,0.),(0.0792460,-0.0597354,0.),(0.0791453,-0.0596770,0.),(0.0816617,-0.0598628,0.),(0.0791453,-0.0596770,0.),(0.0790506,-0.0596080,0.),(0.0816617,-0.0598628,0.),(0.0790506,-0.0596080,0.),(0.0789618,-0.0595284,0.),(0.0816617,-0.0598628,0.),(0.0789618,-0.0595284,0.),(0.0788902,-0.0594517,0.),(0.0816617,-0.0598628,0.),(0.0788902,-0.0594517,0.),(0.0788280,-0.0593720,0.),(0.0816617,-0.0598628,0.),(0.0788280,-0.0593720,0.),(0.0787755,-0.0592891,0.),(0.0787755,-0.0592891,0.),(0.0787324,-0.0592032,0.),(0.0786990,-0.0591143,0.),(0.0787755,-0.0592891,0.),(0.0786990,-0.0591143,0.),(0.0786751,-0.0590222,0.),(0.0787755,-0.0592891,0.),(0.0786751,-0.0590222,0.),(0.0786608,-0.0589271,0.),(0.0787755,-0.0592891,0.),(0.0786608,-0.0589271,0.),(0.0786560,-0.0588289,0.),(0.0787755,-0.0592891,0.),(0.0786560,-0.0588289,0.),(0.0786608,-0.0587318,0.),(0.0787755,-0.0592891,0.),(0.0786608,-0.0587318,0.),(0.0786751,-0.0586374,0.),(0.0787755,-0.0592891,0.),(0.0786751,-0.0586374,0.),(0.0786990,-0.0585456,0.),(0.0787755,-0.0592891,0.),(0.0786990,-0.0585456,0.),(0.0787324,-0.0584566,0.),(0.0787755,-0.0592891,0.),(0.0787324,-0.0584566,0.),(0.0787755,-0.0583702,0.),(0.0787755,-0.0592891,0.),(0.0787755,-0.0583702,0.),(0.0788280,-0.0582865,0.),(0.0787755,-0.0592891,0.),(0.0788280,-0.0582865,0.),(0.0788902,-0.0582055,0.),(0.0787755,-0.0592891,0.),(0.0788902,-0.0582055,0.),(0.0789618,-0.0581272,0.),(0.0787755,-0.0592891,0.),(0.0789618,-0.0581272,0.),(0.0790488,-0.0580476,0.),(0.0787755,-0.0592891,0.),(0.0790488,-0.0580476,0.),(0.0791420,-0.0579785,0.),(0.0787755,-0.0592891,0.),(0.0791420,-0.0579785,0.),(0.0792414,-0.0579202,0.),(0.0787755,-0.0592891,0.),(0.0792414,-0.0579202,0.),(0.0793471,-0.0578724,0.),(0.0787755,-0.0592891,0.),(0.0793471,-0.0578724,0.),(0.0794589,-0.0578352,0.),(0.0794589,-0.0578352,0.),(0.0795770,-0.0578087,0.),(0.0797013,-0.0577928,0.),(0.0794589,-0.0578352,0.),(0.0797013,-0.0577928,0.),(0.0798318,-0.0577875,0.),(0.0794589,-0.0578352,0.),(0.0798318,-0.0577875,0.),(0.0798392,-0.0577875,0.),(0.0794589,-0.0578352,0.),(0.0798392,-0.0577875,0.),(0.0815336,-0.0577875,0.),(0.0794589,-0.0578352,0.),(0.0815336,-0.0577875,0.),(0.0816649,-0.0577928,0.),(0.0794589,-0.0578352,0.),(0.0816649,-0.0577928,0.),(0.0817900,-0.0578087,0.),(0.0794589,-0.0578352,0.),(0.0817900,-0.0578087,0.),(0.0819090,-0.0578352,0.),(0.0794589,-0.0578352,0.),(0.0819090,-0.0578352,0.),(0.0820217,-0.0578724,0.),(0.0794589,-0.0578352,0.),(0.0820217,-0.0578724,0.),(0.0821283,-0.0579202,0.),(0.0794589,-0.0578352,0.),(0.0821283,-0.0579202,0.),(0.0822287,-0.0579785,0.),(0.0794589,-0.0578352,0.),(0.0822287,-0.0579785,0.),(0.0823229,-0.0580476,0.),(0.0794589,-0.0578352,0.),(0.0823229,-0.0580476,0.),(0.0824109,-0.0581272,0.),(0.0824109,-0.0581272,0.),(0.0821146,-0.0584309,0.),(0.0819983,-0.0583369,0.),(0.0824109,-0.0581272,0.),(0.0819983,-0.0583369,0.),(0.0818619,-0.0582698,0.),(0.0824109,-0.0581272,0.),(0.0818619,-0.0582698,0.),(0.0817056,-0.0582295,0.),(0.0794589,-0.0578352,0.),(0.0824109,-0.0581272,0.),(0.0817056,-0.0582295,0.),(0.0794589,-0.0578352,0.),(0.0817056,-0.0582295,0.),(0.0816200,-0.0582194,0.),(0.0794589,-0.0578352,0.),(0.0816200,-0.0582194,0.),(0.0815294,-0.0582161,0.),(0.0794589,-0.0578352,0.),(0.0815294,-0.0582161,0.),(0.0798318,-0.0582161,0.),(0.0794589,-0.0578352,0.),(0.0798318,-0.0582161,0.),(0.0797435,-0.0582194,0.),(0.0794589,-0.0578352,0.),(0.0797435,-0.0582194,0.),(0.0796601,-0.0582294,0.),(0.0794589,-0.0578352,0.),(0.0796601,-0.0582294,0.),(0.0795816,-0.0582460,0.),(0.0794589,-0.0578352,0.),(0.0795816,-0.0582460,0.),(0.0795079,-0.0582693,0.),(0.0794589,-0.0578352,0.),(0.0795079,-0.0582693,0.),(0.0793754,-0.0583357,0.),(0.0794589,-0.0578352,0.),(0.0793754,-0.0583357,0.),(0.0792624,-0.0584288,0.),(0.0794589,-0.0578352,0.),(0.0792624,-0.0584288,0.),(0.0791837,-0.0585241,0.),(0.0794589,-0.0578352,0.),(0.0791837,-0.0585241,0.),(0.0791275,-0.0586225,0.),(0.0787755,-0.0592891,0.),(0.0794589,-0.0578352,0.),(0.0791275,-0.0586225,0.),(0.0787755,-0.0592891,0.),(0.0791275,-0.0586225,0.),(0.0790937,-0.0587241,0.),(0.0787755,-0.0592891,0.),(0.0790937,-0.0587241,0.),(0.0790825,-0.0588289,0.),(0.0787755,-0.0592891,0.),(0.0790825,-0.0588289,0.),(0.0790937,-0.0589379,0.),(0.0787755,-0.0592891,0.),(0.0790937,-0.0589379,0.),(0.0791275,-0.0590408,0.),(0.0787755,-0.0592891,0.),(0.0791275,-0.0590408,0.),(0.0791837,-0.0591374,0.),(0.0787755,-0.0592891,0.),(0.0791837,-0.0591374,0.),(0.0792624,-0.0592278,0.),(0.0787755,-0.0592891,0.),(0.0792624,-0.0592278,0.),(0.0793810,-0.0593209,0.),(0.0787755,-0.0592891,0.),(0.0793810,-0.0593209,0.),(0.0795167,-0.0593874,0.),(0.0787755,-0.0592891,0.),(0.0795167,-0.0593874,0.),(0.0796694,-0.0594273,0.),(0.0816617,-0.0598628,0.),(0.0787755,-0.0592891,0.),(0.0796694,-0.0594273,0.),(0.0816617,-0.0598628,0.),(0.0796694,-0.0594273,0.),(0.0797522,-0.0594372,0.),(0.0816617,-0.0598628,0.),(0.0797522,-0.0594372,0.),(0.0798392,-0.0594406,0.),(0.0816617,-0.0598628,0.),(0.0798392,-0.0594406,0.),(0.0815294,-0.0594406,0.),(0.0816617,-0.0598628,0.),(0.0815294,-0.0594406,0.),(0.0816190,-0.0594372,0.),(0.0816617,-0.0598628,0.),(0.0816190,-0.0594372,0.),(0.0817038,-0.0594273,0.),(0.0816617,-0.0598628,0.),(0.0817038,-0.0594273,0.),(0.0817837,-0.0594107,0.),(0.0816617,-0.0598628,0.),(0.0817837,-0.0594107,0.),(0.0818588,-0.0593874,0.),(0.0816617,-0.0598628,0.),(0.0818588,-0.0593874,0.),(0.0819943,-0.0593209,0.),(0.0816617,-0.0598628,0.),(0.0819943,-0.0593209,0.),(0.0821104,-0.0592278,0.),(0.0816617,-0.0598628,0.),(0.0821104,-0.0592278,0.),(0.0821882,-0.0591366,0.),(0.0821905,-0.0585225,0.),(0.0821146,-0.0584309,0.),(0.0824109,-0.0581272,0.),(0.0822448,-0.0586193,0.),(0.0821905,-0.0585225,0.),(0.0824109,-0.0581272,0.),(0.0822773,-0.0587214,0.),(0.0822448,-0.0586193,0.),(0.0824109,-0.0581272,0.),(0.0822882,-0.0588289,0.),(0.0822773,-0.0587214,0.),(0.0824109,-0.0581272,0.),(0.0822771,-0.0589371,0.),(0.0822882,-0.0588289,0.),(0.0824109,-0.0581272,0.),(0.0822771,-0.0589371,0.),(0.0824109,-0.0581272,0.),(0.0824816,-0.0582041,0.),(0.0822771,-0.0589371,0.),(0.0824816,-0.0582041,0.),(0.0825429,-0.0582839,0.),(0.0822437,-0.0590397,0.),(0.0822771,-0.0589371,0.),(0.0825429,-0.0582839,0.),(0.0822437,-0.0590397,0.),(0.0825429,-0.0582839,0.),(0.0825947,-0.0583666,0.),(0.0822437,-0.0590397,0.),(0.0825947,-0.0583666,0.),(0.0826372,-0.0584523,0.),(0.0821882,-0.0591366,0.),(0.0822437,-0.0590397,0.),(0.0826372,-0.0584523,0.),(0.0821882,-0.0591366,0.),(0.0826372,-0.0584523,0.),(0.0826702,-0.0585410,0.),(0.0816617,-0.0598628,0.),(0.0821882,-0.0591366,0.),(0.0826702,-0.0585410,0.),(0.0816617,-0.0598628,0.),(0.0826702,-0.0585410,0.),(0.0826937,-0.0586326,0.),(0.0816617,-0.0598628,0.),(0.0826937,-0.0586326,0.),(0.0827079,-0.0587271,0.),(0.0816617,-0.0598628,0.),(0.0827079,-0.0587271,0.),(0.0827126,-0.0588246,0.),(0.0816617,-0.0598628,0.),(0.0827126,-0.0588246,0.),(0.0827079,-0.0589238,0.),(0.0816617,-0.0598628,0.),(0.0827079,-0.0589238,0.),(0.0826941,-0.0590197,0.),(0.0816617,-0.0598628,0.),(0.0826941,-0.0590197,0.),(0.0826709,-0.0591123,0.),(0.0816617,-0.0598628,0.),(0.0826709,-0.0591123,0.),(0.0826385,-0.0592016,0.),(0.0816617,-0.0598628,0.),(0.0826385,-0.0592016,0.),(0.0825968,-0.0592877,0.),(0.0816617,-0.0598628,0.),(0.0825968,-0.0592877,0.),(0.0825459,-0.0593705,0.),(0.0816617,-0.0598628,0.),(0.0825459,-0.0593705,0.),(0.0824857,-0.0594500,0.),(0.0816617,-0.0598628,0.),(0.0824857,-0.0594500,0.),(0.0824162,-0.0595263,0.),(0.0816617,-0.0598628,0.),(0.0824162,-0.0595263,0.),(0.0823269,-0.0596064,0.),(0.0816617,-0.0598628,0.),(0.0823269,-0.0596064,0.),(0.0822314,-0.0596758,0.),(0.0816617,-0.0598628,0.),(0.0822314,-0.0596758,0.),(0.0821298,-0.0597346,0.),(0.0816617,-0.0598628,0.),(0.0821298,-0.0597346,0.),(0.0820220,-0.0597827,0.),(0.0816617,-0.0598628,0.),(0.0820220,-0.0597827,0.),(0.0819081,-0.0598201,0.),(0.0816617,-0.0598628,0.),(0.0819081,-0.0598201,0.),(0.0817880,-0.0598468,0.),(0.0797158,-0.0640920,0.),(0.0798508,-0.0640867,0.),(0.0799541,-0.0640880,0.),(0.0797158,-0.0640920,0.),(0.0799541,-0.0640880,0.),(0.0800533,-0.0640919,0.),(0.0797158,-0.0640920,0.),(0.0800533,-0.0640919,0.),(0.0801484,-0.0640984,0.),(0.0797158,-0.0640920,0.),(0.0801484,-0.0640984,0.),(0.0802395,-0.0641076,0.),(0.0797158,-0.0640920,0.),(0.0802395,-0.0641076,0.),(0.0803265,-0.0641194,0.),(0.0797158,-0.0640920,0.),(0.0803265,-0.0641194,0.),(0.0804094,-0.0641338,0.),(0.0797158,-0.0640920,0.),(0.0804094,-0.0641338,0.),(0.0804883,-0.0641509,0.),(0.0797158,-0.0640920,0.),(0.0804883,-0.0641509,0.),(0.0805631,-0.0641705,0.),(0.0797158,-0.0640920,0.),(0.0805631,-0.0641705,0.),(0.0807005,-0.0642177,0.),(0.0797158,-0.0640920,0.),(0.0807005,-0.0642177,0.),(0.0808216,-0.0642754,0.),(0.0797158,-0.0640920,0.),(0.0808216,-0.0642754,0.),(0.0809264,-0.0643435,0.),(0.0797158,-0.0640920,0.),(0.0809264,-0.0643435,0.),(0.0810150,-0.0644221,0.),(0.0797158,-0.0640920,0.),(0.0810150,-0.0644221,0.),(0.0810854,-0.0645004,0.),(0.0797158,-0.0640920,0.),(0.0810854,-0.0645004,0.),(0.0811465,-0.0645812,0.),(0.0797158,-0.0640920,0.),(0.0811465,-0.0645812,0.),(0.0811982,-0.0646646,0.),(0.0797158,-0.0640920,0.),(0.0811982,-0.0646646,0.),(0.0812404,-0.0647505,0.),(0.0797158,-0.0640920,0.),(0.0812404,-0.0647505,0.),(0.0812733,-0.0648389,0.),(0.0797158,-0.0640920,0.),(0.0812733,-0.0648389,0.),(0.0812968,-0.0649299,0.),(0.0797158,-0.0640920,0.),(0.0812968,-0.0649299,0.),(0.0813109,-0.0650235,0.),(0.0813109,-0.0650235,0.),(0.0813156,-0.0651196,0.),(0.0813121,-0.0652087,0.),(0.0813109,-0.0650235,0.),(0.0813121,-0.0652087,0.),(0.0813015,-0.0652945,0.),(0.0813109,-0.0650235,0.),(0.0813015,-0.0652945,0.),(0.0812840,-0.0653770,0.),(0.0813109,-0.0650235,0.),(0.0812840,-0.0653770,0.),(0.0812595,-0.0654561,0.),(0.0813109,-0.0650235,0.),(0.0812595,-0.0654561,0.),(0.0812279,-0.0655320,0.),(0.0813109,-0.0650235,0.),(0.0812279,-0.0655320,0.),(0.0811894,-0.0656046,0.),(0.0813109,-0.0650235,0.),(0.0811894,-0.0656046,0.),(0.0811438,-0.0656738,0.),(0.0813109,-0.0650235,0.),(0.0811438,-0.0656738,0.),(0.0810912,-0.0657398,0.),(0.0819905,-0.0646283,0.),(0.0818490,-0.0645608,0.),(0.0817553,-0.0644777,0.),(0.0819905,-0.0646283,0.),(0.0817553,-0.0644777,0.),(0.0817029,-0.0643618,0.),(0.0821104,-0.0647227,0.),(0.0819905,-0.0646283,0.),(0.0817029,-0.0643618,0.),(0.0821104,-0.0647227,0.),(0.0817029,-0.0643618,0.),(0.0817337,-0.0642862,0.),(0.0821104,-0.0647227,0.),(0.0817337,-0.0642862,0.),(0.0817794,-0.0642256,0.),(0.0821882,-0.0648159,0.),(0.0821104,-0.0647227,0.),(0.0817794,-0.0642256,0.),(0.0821882,-0.0648159,0.),(0.0817794,-0.0642256,0.),(0.0819156,-0.0641491,0.),(0.0822437,-0.0649145,0.),(0.0821882,-0.0648159,0.),(0.0819156,-0.0641491,0.),(0.0822437,-0.0649145,0.),(0.0819156,-0.0641491,0.),(0.0819876,-0.0641565,0.),(0.0822437,-0.0649145,0.),(0.0819876,-0.0641565,0.),(0.0821054,-0.0642051,0.),(0.0822771,-0.0650186,0.),(0.0822437,-0.0649145,0.),(0.0821054,-0.0642051,0.),(0.0822771,-0.0650186,0.),(0.0821054,-0.0642051,0.),(0.0822152,-0.0642663,0.),(0.0822882,-0.0651281,0.),(0.0822771,-0.0650186,0.),(0.0822152,-0.0642663,0.),(0.0822882,-0.0651281,0.),(0.0822152,-0.0642663,0.),(0.0823170,-0.0643401,0.),(0.0822882,-0.0651281,0.),(0.0823170,-0.0643401,0.),(0.0824109,-0.0644264,0.),(0.0822765,-0.0652226,0.),(0.0822882,-0.0651281,0.),(0.0824109,-0.0644264,0.),(0.0822765,-0.0652226,0.),(0.0824109,-0.0644264,0.),(0.0824816,-0.0645033,0.),(0.0822765,-0.0652226,0.),(0.0824816,-0.0645033,0.),(0.0825429,-0.0645833,0.),(0.0822413,-0.0653233,0.),(0.0822765,-0.0652226,0.),(0.0825429,-0.0645833,0.),(0.0822413,-0.0653233,0.),(0.0825429,-0.0645833,0.),(0.0825947,-0.0646664,0.),(0.0822413,-0.0653233,0.),(0.0825947,-0.0646664,0.),(0.0826372,-0.0647526,0.),(0.0821828,-0.0654301,0.),(0.0822413,-0.0653233,0.),(0.0826372,-0.0647526,0.),(0.0821828,-0.0654301,0.),(0.0826372,-0.0647526,0.),(0.0826702,-0.0648419,0.),(0.0821009,-0.0655429,0.),(0.0821828,-0.0654301,0.),(0.0826702,-0.0648419,0.),(0.0821009,-0.0655429,0.),(0.0826702,-0.0648419,0.),(0.0826937,-0.0649342,0.),(0.0821009,-0.0655429,0.),(0.0826937,-0.0649342,0.),(0.0827079,-0.0650296,0.),(0.0820028,-0.0656290,0.),(0.0821009,-0.0655429,0.),(0.0827079,-0.0650296,0.),(0.0820028,-0.0656290,0.),(0.0827079,-0.0650296,0.),(0.0827126,-0.0651281,0.),(0.0820028,-0.0656290,0.),(0.0827126,-0.0651281,0.),(0.0827080,-0.0652129,0.),(0.0820028,-0.0656290,0.),(0.0827080,-0.0652129,0.),(0.0826944,-0.0652982,0.),(0.0818749,-0.0656906,0.),(0.0820028,-0.0656290,0.),(0.0826944,-0.0652982,0.),(0.0818749,-0.0656906,0.),(0.0826944,-0.0652982,0.),(0.0826718,-0.0653838,0.),(0.0818749,-0.0656906,0.),(0.0826718,-0.0653838,0.),(0.0826401,-0.0654699,0.),(0.0818749,-0.0656906,0.),(0.0826401,-0.0654699,0.),(0.0825993,-0.0655563,0.),(0.0817997,-0.0657121,0.),(0.0818749,-0.0656906,0.),(0.0825993,-0.0655563,0.),(0.0817997,-0.0657121,0.),(0.0825993,-0.0655563,0.),(0.0825495,-0.0656432,0.),(0.0817171,-0.0657275,0.),(0.0817997,-0.0657121,0.),(0.0825495,-0.0656432,0.),(0.0816270,-0.0657367,0.),(0.0817171,-0.0657275,0.),(0.0825495,-0.0656432,0.),(0.0816270,-0.0657367,0.),(0.0825495,-0.0656432,0.),(0.0824906,-0.0657304,0.),(0.0815294,-0.0657398,0.),(0.0816270,-0.0657367,0.),(0.0824906,-0.0657304,0.),(0.0815294,-0.0657398,0.),(0.0824906,-0.0657304,0.),(0.0824226,-0.0658181,0.),(0.0810912,-0.0657398,0.),(0.0815294,-0.0657398,0.),(0.0824226,-0.0658181,0.),(0.0810912,-0.0657398,0.),(0.0824226,-0.0658181,0.),(0.0823448,-0.0658999,0.),(0.0810912,-0.0657398,0.),(0.0823448,-0.0658999,0.),(0.0822576,-0.0659709,0.),(0.0810912,-0.0657398,0.),(0.0822576,-0.0659709,0.),(0.0821609,-0.0660309,0.),(0.0810912,-0.0657398,0.),(0.0821609,-0.0660309,0.),(0.0820548,-0.0660800,0.),(0.0810912,-0.0657398,0.),(0.0820548,-0.0660800,0.),(0.0819392,-0.0661182,0.),(0.0810912,-0.0657398,0.),(0.0819392,-0.0661182,0.),(0.0818142,-0.0661455,0.),(0.0810912,-0.0657398,0.),(0.0818142,-0.0661455,0.),(0.0816797,-0.0661619,0.),(0.0810912,-0.0657398,0.),(0.0816797,-0.0661619,0.),(0.0815357,-0.0661673,0.),(0.0810912,-0.0657398,0.),(0.0815357,-0.0661673,0.),(0.0802191,-0.0661673,0.),(0.0813109,-0.0650235,0.),(0.0810912,-0.0657398,0.),(0.0802191,-0.0661673,0.),(0.0802191,-0.0661673,0.),(0.0802308,-0.0657715,0.),(0.0803537,-0.0657560,0.),(0.0802191,-0.0661673,0.),(0.0803537,-0.0657560,0.),(0.0804750,-0.0657096,0.),(0.0802191,-0.0661673,0.),(0.0804750,-0.0657096,0.),(0.0805945,-0.0656322,0.),(0.0813109,-0.0650235,0.),(0.0802191,-0.0661673,0.),(0.0805945,-0.0656322,0.),(0.0813109,-0.0650235,0.),(0.0805945,-0.0656322,0.),(0.0807123,-0.0655239,0.),(0.0813109,-0.0650235,0.),(0.0807123,-0.0655239,0.),(0.0807910,-0.0654284,0.),(0.0813109,-0.0650235,0.),(0.0807910,-0.0654284,0.),(0.0808473,-0.0653291,0.),(0.0813109,-0.0650235,0.),(0.0808473,-0.0653291,0.),(0.0808810,-0.0652262,0.),(0.0813109,-0.0650235,0.),(0.0808810,-0.0652262,0.),(0.0808922,-0.0651196,0.),(0.0813109,-0.0650235,0.),(0.0808922,-0.0651196,0.),(0.0808810,-0.0650134,0.),(0.0813109,-0.0650235,0.),(0.0808810,-0.0650134,0.),(0.0808473,-0.0649108,0.),(0.0813109,-0.0650235,0.),(0.0808473,-0.0649108,0.),(0.0807910,-0.0648118,0.),(0.0813109,-0.0650235,0.),(0.0807910,-0.0648118,0.),(0.0807123,-0.0647164,0.),(0.0813109,-0.0650235,0.),(0.0807123,-0.0647164,0.),(0.0805835,-0.0646284,0.),(0.0797158,-0.0640920,0.),(0.0813109,-0.0650235,0.),(0.0805835,-0.0646284,0.),(0.0797158,-0.0640920,0.),(0.0805835,-0.0646284,0.),(0.0804974,-0.0645938,0.),(0.0797158,-0.0640920,0.),(0.0804974,-0.0645938,0.),(0.0803969,-0.0645655,0.),(0.0797158,-0.0640920,0.),(0.0803969,-0.0645655,0.),(0.0802820,-0.0645436,0.),(0.0797158,-0.0640920,0.),(0.0802820,-0.0645436,0.),(0.0801527,-0.0645278,0.),(0.0797158,-0.0640920,0.),(0.0801527,-0.0645278,0.),(0.0800090,-0.0645184,0.),(0.0797158,-0.0640920,0.),(0.0800090,-0.0645184,0.),(0.0798508,-0.0645153,0.),(0.0797158,-0.0640920,0.),(0.0798508,-0.0645153,0.),(0.0797594,-0.0645186,0.),(0.0797158,-0.0640920,0.),(0.0797594,-0.0645186,0.),(0.0796730,-0.0645287,0.),(0.0797158,-0.0640920,0.),(0.0796730,-0.0645287,0.),(0.0795917,-0.0645455,0.),(0.0797158,-0.0640920,0.),(0.0795917,-0.0645455,0.),(0.0795153,-0.0645690,0.),(0.0797158,-0.0640920,0.),(0.0795153,-0.0645690,0.),(0.0793778,-0.0646361,0.),(0.0797158,-0.0640920,0.),(0.0793778,-0.0646361,0.),(0.0792603,-0.0647301,0.),(0.0797158,-0.0640920,0.),(0.0792603,-0.0647301,0.),(0.0791825,-0.0648214,0.),(0.0801396,-0.0657706,0.),(0.0802308,-0.0657715,0.),(0.0802191,-0.0661673,0.),(0.0800524,-0.0657678,0.),(0.0801396,-0.0657706,0.),(0.0802191,-0.0661673,0.),(0.0798905,-0.0657566,0.),(0.0800524,-0.0657678,0.),(0.0802191,-0.0661673,0.),(0.0797449,-0.0657380,0.),(0.0798905,-0.0657566,0.),(0.0802191,-0.0661673,0.),(0.0796156,-0.0657120,0.),(0.0797449,-0.0657380,0.),(0.0802191,-0.0661673,0.),(0.0795028,-0.0656785,0.),(0.0796156,-0.0657120,0.),(0.0802191,-0.0661673,0.),(0.0794063,-0.0656376,0.),(0.0795028,-0.0656785,0.),(0.0802191,-0.0661673,0.),(0.0793262,-0.0655892,0.),(0.0794063,-0.0656376,0.),(0.0802191,-0.0661673,0.),(0.0793262,-0.0655892,0.),(0.0802191,-0.0661673,0.),(0.0801037,-0.0661660,0.),(0.0793262,-0.0655892,0.),(0.0801037,-0.0661660,0.),(0.0799931,-0.0661620,0.),(0.0793262,-0.0655892,0.),(0.0799931,-0.0661620,0.),(0.0798874,-0.0661553,0.),(0.0792624,-0.0655334,0.),(0.0793262,-0.0655892,0.),(0.0798874,-0.0661553,0.),(0.0792624,-0.0655334,0.),(0.0798874,-0.0661553,0.),(0.0797865,-0.0661460,0.),(0.0792624,-0.0655334,0.),(0.0797865,-0.0661460,0.),(0.0796904,-0.0661340,0.),(0.0791837,-0.0654368,0.),(0.0792624,-0.0655334,0.),(0.0796904,-0.0661340,0.),(0.0791837,-0.0654368,0.),(0.0796904,-0.0661340,0.),(0.0795993,-0.0661193,0.),(0.0791837,-0.0654368,0.),(0.0795993,-0.0661193,0.),(0.0795129,-0.0661019,0.),(0.0791275,-0.0653363,0.),(0.0791837,-0.0654368,0.),(0.0795129,-0.0661019,0.),(0.0791275,-0.0653363,0.),(0.0795129,-0.0661019,0.),(0.0794315,-0.0660819,0.),(0.0791275,-0.0653363,0.),(0.0794315,-0.0660819,0.),(0.0793549,-0.0660592,0.),(0.0790937,-0.0652320,0.),(0.0791275,-0.0653363,0.),(0.0793549,-0.0660592,0.),(0.0790937,-0.0652320,0.),(0.0793549,-0.0660592,0.),(0.0792831,-0.0660338,0.),(0.0790937,-0.0652320,0.),(0.0792831,-0.0660338,0.),(0.0791541,-0.0659750,0.),(0.0790825,-0.0651238,0.),(0.0790937,-0.0652320,0.),(0.0791541,-0.0659750,0.),(0.0790825,-0.0651238,0.),(0.0791541,-0.0659750,0.),(0.0790446,-0.0659056,0.),(0.0790825,-0.0651238,0.),(0.0790446,-0.0659056,0.),(0.0789544,-0.0658255,0.),(0.0790936,-0.0650182,0.),(0.0790825,-0.0651238,0.),(0.0789544,-0.0658255,0.),(0.0790936,-0.0650182,0.),(0.0789544,-0.0658255,0.),(0.0788845,-0.0657459,0.),(0.0790936,-0.0650182,0.),(0.0788845,-0.0657459,0.),(0.0788239,-0.0656637,0.),(0.0791269,-0.0649174,0.),(0.0790936,-0.0650182,0.),(0.0788239,-0.0656637,0.),(0.0791269,-0.0649174,0.),(0.0788239,-0.0656637,0.),(0.0787726,-0.0655789,0.),(0.0791269,-0.0649174,0.),(0.0787726,-0.0655789,0.),(0.0787306,-0.0654916,0.),(0.0791825,-0.0648214,0.),(0.0791269,-0.0649174,0.),(0.0787306,-0.0654916,0.),(0.0791825,-0.0648214,0.),(0.0787306,-0.0654916,0.),(0.0786979,-0.0654017,0.),(0.0797158,-0.0640920,0.),(0.0791825,-0.0648214,0.),(0.0786979,-0.0654017,0.),(0.0797158,-0.0640920,0.),(0.0786979,-0.0654017,0.),(0.0786746,-0.0653092,0.),(0.0797158,-0.0640920,0.),(0.0786746,-0.0653092,0.),(0.0786606,-0.0652141,0.),(0.0797158,-0.0640920,0.),(0.0786606,-0.0652141,0.),(0.0786560,-0.0651164,0.),(0.0797158,-0.0640920,0.),(0.0786560,-0.0651164,0.),(0.0786607,-0.0650212,0.),(0.0797158,-0.0640920,0.),(0.0786607,-0.0650212,0.),(0.0786750,-0.0649286,0.),(0.0797158,-0.0640920,0.),(0.0786750,-0.0649286,0.),(0.0786987,-0.0648387,0.),(0.0797158,-0.0640920,0.),(0.0786987,-0.0648387,0.),(0.0787319,-0.0647515,0.),(0.0797158,-0.0640920,0.),(0.0787319,-0.0647515,0.),(0.0787746,-0.0646670,0.),(0.0797158,-0.0640920,0.),(0.0787746,-0.0646670,0.),(0.0788268,-0.0645852,0.),(0.0797158,-0.0640920,0.),(0.0788268,-0.0645852,0.),(0.0788885,-0.0645060,0.),(0.0797158,-0.0640920,0.),(0.0788885,-0.0645060,0.),(0.0789597,-0.0644296,0.),(0.0797158,-0.0640920,0.),(0.0789597,-0.0644296,0.),(0.0790475,-0.0643492,0.),(0.0797158,-0.0640920,0.),(0.0790475,-0.0643492,0.),(0.0791420,-0.0642795,0.),(0.0797158,-0.0640920,0.),(0.0791420,-0.0642795,0.),(0.0792433,-0.0642206,0.),(0.0797158,-0.0640920,0.),(0.0792433,-0.0642206,0.),(0.0793513,-0.0641724,0.),(0.0797158,-0.0640920,0.),(0.0793513,-0.0641724,0.),(0.0794661,-0.0641349,0.),(0.0797158,-0.0640920,0.),(0.0794661,-0.0641349,0.),(0.0795876,-0.0641081,0.),(0.0790867,-0.0683951,0.),(0.0824554,-0.0676268,0.),(0.0825041,-0.0676247,0.),(0.0790867,-0.0683951,0.),(0.0825041,-0.0676247,0.),(0.0826131,-0.0676543,0.),(0.0790867,-0.0683951,0.),(0.0826131,-0.0676543,0.),(0.0826753,-0.0677106,0.),(0.0790867,-0.0683951,0.),(0.0826753,-0.0677106,0.),(0.0827094,-0.0677866,0.),(0.0790867,-0.0683951,0.),(0.0827094,-0.0677866,0.),(0.0827126,-0.0678374,0.),(0.0790867,-0.0683951,0.),(0.0827126,-0.0678374,0.),(0.0826819,-0.0679485,0.),(0.0790867,-0.0683951,0.),(0.0826819,-0.0679485,0.),(0.0826245,-0.0680099,0.),(0.0790867,-0.0683951,0.),(0.0826245,-0.0680099,0.),(0.0825454,-0.0680416,0.),(0.0790867,-0.0683951,0.),(0.0825454,-0.0680416,0.),(0.0789195,-0.0688703,0.),(0.0790867,-0.0670108,0.),(0.0790867,-0.0683951,0.),(0.0789195,-0.0688703,0.),(0.0790867,-0.0670108,0.),(0.0789195,-0.0688703,0.),(0.0788687,-0.0688746,0.),(0.0790867,-0.0670108,0.),(0.0788687,-0.0688746,0.),(0.0787396,-0.0688290,0.),(0.0790867,-0.0670108,0.),(0.0787396,-0.0688290,0.),(0.0786801,-0.0687544,0.),(0.0790867,-0.0670108,0.),(0.0786801,-0.0687544,0.),(0.0786602,-0.0686618,0.),(0.0790867,-0.0670108,0.),(0.0786602,-0.0686618,0.),(0.0786602,-0.0670108,0.),(0.0790867,-0.0670108,0.),(0.0786602,-0.0670108,0.),(0.0786761,-0.0669293,0.),(0.0790867,-0.0670108,0.),(0.0786761,-0.0669293,0.),(0.0787237,-0.0668605,0.),(0.0790867,-0.0670108,0.),(0.0787237,-0.0668605,0.),(0.0787922,-0.0668137,0.),(0.0790867,-0.0670108,0.),(0.0787922,-0.0668137,0.),(0.0788729,-0.0667981,0.),(0.0790867,-0.0670108,0.),(0.0788729,-0.0667981,0.),(0.0789539,-0.0668137,0.),(0.0790867,-0.0670108,0.),(0.0789539,-0.0668137,0.),(0.0790232,-0.0668605,0.),(0.0790867,-0.0670108,0.),(0.0790232,-0.0668605,0.),(0.0790708,-0.0669293,0.),(0.0786539,-0.0627129,0.),(0.0787004,-0.0625955,0.),(0.0792021,-0.0619880,0.),(0.0786539,-0.0627129,0.),(0.0792021,-0.0619880,0.),(0.0792698,-0.0619303,0.),(0.0786539,-0.0627129,0.),(0.0792698,-0.0619303,0.),(0.0793418,-0.0619054,0.),(0.0786539,-0.0627129,0.),(0.0793418,-0.0619054,0.),(0.0793756,-0.0619054,0.),(0.0786539,-0.0627129,0.),(0.0793756,-0.0619054,0.),(0.0795037,-0.0619393,0.),(0.0786539,-0.0627129,0.),(0.0795037,-0.0619393,0.),(0.0795606,-0.0619986,0.),(0.0786539,-0.0627129,0.),(0.0795606,-0.0619986,0.),(0.0795894,-0.0620790,0.),(0.0786539,-0.0627129,0.),(0.0795894,-0.0620790,0.),(0.0795915,-0.0621203,0.),(0.0786539,-0.0627129,0.),(0.0795915,-0.0621203,0.),(0.0795545,-0.0622356,0.),(0.0786539,-0.0627129,0.),(0.0795545,-0.0622356,0.),(0.0793153,-0.0625066,0.),(0.0786539,-0.0627129,0.),(0.0793153,-0.0625066,0.),(0.0825009,-0.0625066,0.),(0.0786539,-0.0627129,0.),(0.0825009,-0.0625066,0.),(0.0825829,-0.0625219,0.),(0.0786539,-0.0627129,0.),(0.0825829,-0.0625219,0.),(0.0826512,-0.0625679,0.),(0.0786539,-0.0627129,0.),(0.0826512,-0.0625679,0.),(0.0826972,-0.0626362,0.),(0.0786539,-0.0627129,0.),(0.0826972,-0.0626362,0.),(0.0827126,-0.0627182,0.),(0.0786539,-0.0627129,0.),(0.0827126,-0.0627182,0.),(0.0826972,-0.0628010,0.),(0.0786539,-0.0627129,0.),(0.0826972,-0.0628010,0.),(0.0826512,-0.0628696,0.),(0.0786539,-0.0627129,0.),(0.0826512,-0.0628696,0.),(0.0825829,-0.0629156,0.),(0.0786539,-0.0627129,0.),(0.0825829,-0.0629156,0.),(0.0825009,-0.0629310,0.),(0.0786539,-0.0627129,0.),(0.0825009,-0.0629310,0.),(0.0788740,-0.0629310,0.),(0.0786539,-0.0627129,0.),(0.0788740,-0.0629310,0.),(0.0787608,-0.0629026,0.),(0.0786539,-0.0627129,0.),(0.0787608,-0.0629026,0.),(0.0786856,-0.0628177,0.),(0.0826821,-0.0603264,0.),(0.0827888,-0.0603994,0.),(0.0828618,-0.0605060,0.),(0.0826821,-0.0603264,0.),(0.0828618,-0.0605060,0.),(0.0828861,-0.0606312,0.),(0.0826821,-0.0603264,0.),(0.0828861,-0.0606312,0.),(0.0828618,-0.0607561,0.),(0.0826821,-0.0603264,0.),(0.0828618,-0.0607561,0.),(0.0827888,-0.0608619,0.),(0.0826821,-0.0603264,0.),(0.0827888,-0.0608619,0.),(0.0826821,-0.0609349,0.),(0.0826821,-0.0603264,0.),(0.0826821,-0.0609349,0.),(0.0825570,-0.0609593,0.),(0.0826821,-0.0603264,0.),(0.0825570,-0.0609593,0.),(0.0824318,-0.0609349,0.),(0.0826821,-0.0603264,0.),(0.0824318,-0.0609349,0.),(0.0823252,-0.0608619,0.),(0.0826821,-0.0603264,0.),(0.0823252,-0.0608619,0.),(0.0822522,-0.0607561,0.),(0.0826821,-0.0603264,0.),(0.0822522,-0.0607561,0.),(0.0822279,-0.0606312,0.),(0.0826821,-0.0603264,0.),(0.0822279,-0.0606312,0.),(0.0822522,-0.0605060,0.),(0.0826821,-0.0603264,0.),(0.0822522,-0.0605060,0.),(0.0823252,-0.0603994,0.),(0.0826821,-0.0603264,0.),(0.0823252,-0.0603994,0.),(0.0824318,-0.0603264,0.),(0.0826821,-0.0603264,0.),(0.0824318,-0.0603264,0.),(0.0825570,-0.0603021,0.)));
#1673=COMPLEX_TRIANGULATED_SURFACE_SET('surface set',#1672,978,(),(),(),((1,2,3),(4,5,6),(7,8,9),(10,11,12),(13,14,15),(16,17,18),(19,20,21),(22,23,24),(25,26,27),(28,29,30),(31,32,33),(34,35,36),(37,38,39),(40,41,42),(43,44,45),(46,47,48),(49,50,51),(52,53,54),(55,56,57),(58,59,60),(61,62,63),(64,65,66),(67,68,69),(70,71,72),(73,74,75),(76,77,78),(79,80,81),(82,83,84),(85,86,87),(88,89,90),(91,92,93),(94,95,96),(97,98,99),(100,101,102),(103,104,105),(106,107,108),(109,110,111),(112,113,114),(115,116,117),(118,119,120),(121,122,123),(124,125,126),(127,128,129),(130,131,132),(133,134,135),(136,137,138),(139,140,141),(142,143,144),(145,146,147),(148,149,150),(151,152,153),(154,155,156),(157,158,159),(160,161,162),(163,164,165),(166,167,168),(169,170,171),(172,173,174),(175,176,177),(178,179,180),(181,182,183),(184,185,186),(187,188,189),(190,191,192),(193,194,195),(196,197,198),(199,200,201),(202,203,204),(205,206,207),(208,209,210),(211,212,213),(214,215,216),(217,218,219),(220,221,222),(223,224,225),(226,227,228),(229,230,231),(232,233,234),(235,236,237),(238,239,240),(241,242,243),(244,245,246),(247,248,249),(250,251,252),(253,254,255),(256,257,258),(259,260,261),(262,263,264),(265,266,267),(268,269,270),(271,272,273),(274,275,276),(277,278,279),(280,281,282),(283,284,285),(286,287,288),(289,290,291),(292,293,294),(295,296,297),(298,299,300),(301,302,303),(304,305,306),(307,308,309),(310,311,312),(313,314,315),(316,317,318),(319,320,321),(322,323,324),(325,326,327),(328,329,330),(331,332,333),(334,335,336),(337,338,339),(340,341,342),(343,344,345),(346,347,348),(349,350,351),(352,353,354),(355,356,357),(358,359,360),(361,362,363),(364,365,366),(367,368,369),(370,371,372),(373,374,375),(376,377,378),(379,380,381),(382,383,384),(385,386,387),(388,389,390),(391,392,393),(394,395,396),(397,398,399),(400,401,402),(403,404,405),(406,407,408),(409,410,411),(412,413,414),(415,416,417),(418,419,420),(421,422,423),(424,425,426),(427,428,429),(430,431,432),(433,434,435),(436,437,438),(439,440,441),(442,443,444),(445,446,447),(448,449,450),(451,452,453),(454,455,456),(457,458,459),(460,461,462),(463,464,465),(466,467,468),(469,470,471),(472,473,474),(475,476,477),(478,479,480),(481,482,483),(484,485,486),(487,488,489),(490,491,492),(493,494,495),(496,497,498),(499,500,501),(502,503,504),(505,506,507),(508,509,510),(511,512,513),(514,515,516),(517,518,519),(520,521,522),(523,524,525),(526,527,528),(529,530,531),(532,533,534),(535,536,537),(538,539,540),(541,542,543),(544,545,546),(547,548,549),(550,551,552),(553,554,555),(556,557,558),(559,560,561),(562,563,564),(565,566,567),(568,569,570),(571,572,573),(574,575,576),(577,578,579),(580,581,582),(583,584,585),(586,587,588),(589,590,591),(592,593,594),(595,596,597),(598,599,600),(601,602,603),(604,605,606),(607,608,609),(610,611,612),(613,614,615),(616,617,618),(619,620,621),(622,623,624),(625,626,627),(628,629,630),(631,632,633),(634,635,636),(637,638,639),(640,641,642),(643,644,645),(646,647,648),(649,650,651),(652,653,654),(655,656,657),(658,659,660),(661,662,663),(664,665,666),(667,668,669),(670,671,672),(673,674,675),(676,677,678),(679,680,681),(682,683,684),(685,686,687),(688,689,690),(691,692,693),(694,695,696),(697,698,699),(700,701,702),(703,704,705),(706,707,708),(709,710,711),(712,713,714),(715,716,717),(718,719,720),(721,722,723),(724,725,726),(727,728,729),(730,731,732),(733,734,735),(736,737,738),(739,740,741),(742,743,744),(745,746,747),(748,749,750),(751,752,753),(754,755,756),(757,758,759),(760,761,762),(763,764,765),(766,767,768),(769,770,771),(772,773,774),(775,776,777),(778,779,780),(781,782,783),(784,785,786),(787,788,789),(790,791,792),(793,794,795),(796,797,798),(799,800,801),(802,803,804),(805,806,807),(808,809,810),(811,812,813),(814,815,816),(817,818,819),(820,821,822),(823,824,825),(826,827,828),(829,830,831),(832,833,834),(835,836,837),(838,839,840),(841,842,843),(844,845,846),(847,848,849),(850,851,852),(853,854,855),(856,857,858),(859,860,861),(862,863,864),(865,866,867),(868,869,870),(871,872,873),(874,875,876),(877,878,879),(880,881,882),(883,884,885),(886,887,888),(889,890,891),(892,893,894),(895,896,897),(898,899,900),(901,902,903),(904,905,906),(907,908,909),(910,911,912),(913,914,915),(916,917,918),(919,920,921),(922,923,924),(925,926,927),(928,929,930),(931,932,933),(934,935,936),(937,938,939),(940,941,942),(943,944,945),(946,947,948),(949,950,951),(952,953,954),(955,956,957),(958,959,960),(961,962,963),(964,965,966),(967,968,969),(970,971,972),(973,974,975),(976,977,978)));
#1674=TESSELLATED_GEOMETRIC_SET('linear dimension',(#1673));
#1675=COORDINATES_LIST('coordinates',8,((0.0807700,-0.0608310,0.),(0.0807700,-0.0608310,0.),(0.0807700,-0.0658310,0.),(0.0807700,-0.0658310,0.),(0.0807700,-0.0567875,0.),(0.0807700,-0.0567875,0.),(0.0807700,-0.0698746,0.),(0.0807700,-0.0698746,0.)));
#1676=TESSELLATED_CURVE_SET('curve set',#1675,((1,2),(3,4),(5,6),(7,8)));
#1677=TESSELLATED_GEOMETRIC_SET('linear dimension',(#1676));
#1678=TESSELLATED_ANNOTATION_OCCURRENCE('linear dimension',(#1671),#1674);
#1679=TESSELLATED_ANNOTATION_OCCURRENCE('linear dimension',(#1671),#1677);
#1680=DRAUGHTING_CALLOUT('linear dimension',(#1678,#1679));
#1681=DRAUGHTING_MODEL_ITEM_ASSOCIATION('','',#1635,#1667,#1680);
#1682=DRAUGHTING_MODEL_ITEM_ASSOCIATION('','',#1637,#1667,#1680);
#1683=DRAUGHTING_MODEL_ITEM_ASSOCIATION('','',#1639,#1667,#1680);
ENDSEC;
END-ISO-10303-21;
